-- phpMyAdmin SQL Dump
-- version 5.1.1
-- https://www.phpmyadmin.net/
--
-- Máy chủ: 127.0.0.1
-- Thời gian đã tạo: Th10 28, 2021 lúc 06:04 AM
-- Phiên bản máy phục vụ: 10.4.21-MariaDB
-- Phiên bản PHP: 8.0.10

SET SQL_MODE = "NO_AUTO_VALUE_ON_ZERO";
START TRANSACTION;
SET time_zone = "+00:00";


/*!40101 SET @OLD_CHARACTER_SET_CLIENT=@@CHARACTER_SET_CLIENT */;
/*!40101 SET @OLD_CHARACTER_SET_RESULTS=@@CHARACTER_SET_RESULTS */;
/*!40101 SET @OLD_COLLATION_CONNECTION=@@COLLATION_CONNECTION */;
/*!40101 SET NAMES utf8mb4 */;

--
-- Cơ sở dữ liệu: `quanlydathang`
--
CREATE DATABASE IF NOT EXISTS `quanlydathang` DEFAULT CHARACTER SET utf8 COLLATE utf8_general_ci;
USE `quanlydathang`;

-- --------------------------------------------------------

--
-- Cấu trúc bảng cho bảng `chitietdathang`
--

CREATE TABLE `chitietdathang` (
  `SoDonDH` int(11) NOT NULL,
  `MSHH` int(11) NOT NULL,
  `SoLuong` int(11) NOT NULL,
  `GiaDatHang` decimal(10,0) NOT NULL,
  `GiamGia` decimal(10,0) DEFAULT 0
) ENGINE=InnoDB DEFAULT CHARSET=utf8;

--
-- Đang đổ dữ liệu cho bảng `chitietdathang`
--

INSERT INTO `chitietdathang` (`SoDonDH`, `MSHH`, `SoLuong`, `GiaDatHang`, `GiamGia`) VALUES
(83, 48, 1, '4126000', NULL),
(85, 50, 1, '570000', NULL),
(85, 74, 4, '570000', NULL),
(84, 75, 1, '1504800', NULL),
(83, 79, 1, '4126000', NULL),
(84, 83, 1, '1504800', NULL),
(84, 84, 1, '1504800', NULL),
(85, 84, 4, '570000', NULL),
(86, 84, 1, '1001000', NULL);

-- --------------------------------------------------------

--
-- Cấu trúc bảng cho bảng `dathang`
--

CREATE TABLE `dathang` (
  `SoDonDH` int(11) NOT NULL,
  `MSKH` int(11) NOT NULL,
  `MSNV` int(11) DEFAULT NULL,
  `NgayDH` date NOT NULL,
  `NgayGH` date NOT NULL,
  `TrangThaiDH` tinyint(1) NOT NULL DEFAULT 0,
  `DiaChiGH` int(11) NOT NULL
) ENGINE=InnoDB DEFAULT CHARSET=utf8;

--
-- Đang đổ dữ liệu cho bảng `dathang`
--

INSERT INTO `dathang` (`SoDonDH`, `MSKH`, `MSNV`, `NgayDH`, `NgayGH`, `TrangThaiDH`, `DiaChiGH`) VALUES
(83, 4, 1, '2021-11-11', '2021-11-18', 2, 1),
(84, 4, 1, '2021-11-17', '2021-11-24', 2, 1),
(85, 4, 1, '2021-11-25', '2021-12-02', 1, 5),
(86, 4, NULL, '2021-11-26', '2021-12-03', 0, 4);

-- --------------------------------------------------------

--
-- Cấu trúc bảng cho bảng `diachikh`
--

CREATE TABLE `diachikh` (
  `MaDC` int(11) NOT NULL,
  `DiaChi` varchar(500) NOT NULL,
  `MSKH` int(11) NOT NULL
) ENGINE=InnoDB DEFAULT CHARSET=utf8;

--
-- Đang đổ dữ liệu cho bảng `diachikh`
--

INSERT INTO `diachikh` (`MaDC`, `DiaChi`, `MSKH`) VALUES
(1, 'Vĩnh Lợi, Bạc Liêu', 4),
(2, 'Phước Long, Bạc Liêu', 4),
(3, 'TP HCM', 4),
(4, 'Hà Nội', 4),
(5, 'Đà Nẵng', 4);

-- --------------------------------------------------------

--
-- Cấu trúc bảng cho bảng `giohang`
--

CREATE TABLE `giohang` (
  `idGioHang` int(11) NOT NULL,
  `MSHH` int(11) NOT NULL,
  `MSKH` int(11) NOT NULL,
  `TongTien` decimal(10,0) NOT NULL,
  `SoLuong` int(11) NOT NULL
) ENGINE=InnoDB DEFAULT CHARSET=utf8;

--
-- Đang đổ dữ liệu cho bảng `giohang`
--

INSERT INTO `giohang` (`idGioHang`, `MSHH`, `MSKH`, `TongTien`, `SoLuong`) VALUES
(59, 55, 4, '2290000', 1);

-- --------------------------------------------------------

--
-- Cấu trúc bảng cho bảng `hanghoa`
--

CREATE TABLE `hanghoa` (
  `MSHH` int(11) NOT NULL,
  `TenHH` varchar(255) NOT NULL,
  `QuyCach` varchar(255) NOT NULL,
  `Gia` decimal(10,0) NOT NULL,
  `SoLuongHang` int(11) NOT NULL,
  `MaLoaiHang` int(11) NOT NULL,
  `MoTaChiTiet` longtext NOT NULL
) ENGINE=InnoDB DEFAULT CHARSET=utf8;

--
-- Đang đổ dữ liệu cho bảng `hanghoa`
--

INSERT INTO `hanghoa` (`MSHH`, `TenHH`, `QuyCach`, `Gia`, `SoLuongHang`, `MaLoaiHang`, `MoTaChiTiet`) VALUES
(48, 'Camera quan sát wifi Tapo C200 (Độ phân giải Full HD 1080p, đàm thoại 2 chiều, phát hiện chuyển động)', '- Video độ nét cao.\r\n- Chế độ quan sát ban đêm nâng cao.\r\n- Phát hiện và thông báo chuyển động.\r\n- Báo động âm thanh và ánh sáng.\r\n- Đàm thoại 2 chiều.\r\n- Phát hiện chuyển động.', '459000', 100, 13, '<h3><strong>Camera quan sát wifi Tapo C200 (Độ phân giải Full HD 1080p, đàm thoại 2 chiều, phát hiện chuyển động)</strong></h3><h3><strong>1. Ưu điểm của camera wifi Tapo C200:</strong></h3><ul><li>Camera có thể nhìn thấy hình ảnh ở khoảng cách lên đến 9 mét.</li><li>Dễ dàng giao tiếp thông qua tính năng đàm thoại 2 chiều.</li><li>Thẻ nhớ lên tới 128GB giúp bạn lưu trữ an toàn các thông tin.</li></ul><h3><strong>2. Thông số kỹ thuật và tính năng của camera quan sát wifi Tapo C200:</strong></h3><p><strong>Bảo Mật, Thông Minh, Dễ Sử Dụng.</strong></p><p><img src=\"https://viethansecurity.com/media/lib/6525_camera-quan-sat-wifi-tapo-c200-min.jpg\" alt=\"Camera quan sát wifi Tapo C200\"></p><p><img src=\"https://viethansecurity.com/media/product/6525_13.jpg\" alt=\"\"></p><p><i><strong>(Bộ phụ kiện Camera quan sát wifi Tapo C200)</strong></i></p><p>&nbsp;</p><p><strong>Mọi Thứ Luôn Trong Tầm Mắt Bạn.</strong></p><p>Camera Wi-Fi an ninh gia đình có thể điều chỉnh hướng&nbsp;<a href=\"https://viethansecurity.com/camera-quan-sat-wifi-tapo-c200.html\"><strong>Tapo C200</strong></a><strong>.</strong></p><p><img src=\"https://viethansecurity.com/media/lib/6525_camera-quan-sat-wifi-tapo-c20011-min.jpg\" alt=\"Camera quan sát wifi Tapo C200\"></p><p><strong>Phát Hiện Chuyển Động Và Gửi Thông Báo Cho Bạn Ngay Lập Tức</strong></p><p>Giúp bạn ngăn chặn các vụ trộm tại nhà. Lắp camera hướng về phía lối vào nhà, nhà để xe hoặc tầng hầm của bạn để đảm bảo an toàn cho gia đình và tài sản của bạn.</p><p>Nhận thông báo khi camera phát hiện chuyển động ở nhà. Nó có thể là một thông báo về hàng hóa được giao đến hoặc sự xâm nhập đáng ngờ. Hiệu ứng ánh sáng và âm thanh để làm hoảng sợ những vị khách không mời.</p><p><img src=\"https://viethansecurity.com/media/lib/6525_camera-quan-sat-wifi-tapo-c2002-min.jpg\" alt=\"Camera quan sát wifi Tapo C200 chính hãng\"></p><p><strong>Chế Độ Quan Sát Ban Đêm Nâng Cao - Giúp Bảo Vệ Bạn Lúc Ngủ</strong></p><p>An toàn giấc ngủ ban đêm. Hãy để camera quan sát ngôi nhà giúp bạn khi bạn đang say giấc. Tầm nhìn ban đêm hồng ngoại 850nm hỗ trợ bộ lọc chuyển đổi màu tự động trong điều kiện ánh sáng yếu có thể nhìn thấy hình ảnh ở khoảng cách lên đến 9 mét.</p><p><img src=\"https://viethansecurity.com/media/lib/6525_camera-quan-sat-wifi-tapo-c2003-min.jpg\" alt=\"Camera quan sát wifi Tapo C200 giá tốt\"></p><p><strong>Chế Độ Riêng Tư Và Lưu Trữ Nội Bộ An Toàn - Đảm Bảo Quyền Riêng Tư Của Bạn</strong></p><p>Bạn có thể bật Chế Độ Riêng Tư, có thể đóng ống kính của camera để đảm bảo an toàn riêng tư. Hơn nữa, thẻ Micro SD nội bộ hoạt động để ngăn chặn mọi sự cố hack internet.</p><p><img src=\"https://viethansecurity.com/media/lib/6525_camera-quan-sat-wifi-tapo-c20012.png\" alt=\"Camera quan sát wifi Tapo C200\"></p><p><strong>Video Độ Nét Cao</strong></p><p>Ghi lại mọi chi tiết với độ phân giải 1080p rõ nét. Quan sát được chính xác những gì đã xảy ra trước camera của bạn bất cứ lúc nào khi camera được bật. Giúp bạn biết liệu con bạn có an toàn, được chăm sóc tốt hay đang gặp rắc rối.</p><p><img src=\"https://viethansecurity.com/media/lib/6525_camera-quan-sat-wifi-tapo-c20018.jpg\" alt=\"Camera quan sát wifi Tapo C200\"></p><p><strong>Chế Độ Xem Trực Tiếp Và Âm Thanh Hai Chiều</strong></p><p>Khi bạn đi du lịch, bạn vẫn có thể chắc chắn rằng thú cưng của mình không gặp rắc rối, hoặc người chăm sóc chúng có đang chăm sóc chúng tốt. Âm thanh hai chiều cho phép bạn nói với chúng rằng bạn nhớ chúng (hoặc ngăn chúng ăn vụng thức ăn của bạn).</p><p><img src=\"https://viethansecurity.com/media/lib/6525_camera-quan-sat-wifi-tapo-c20017.jpg\" alt=\"Camera quan sát wifi Tapo C200\"></p><p><strong>Quan Sát Chi Tiết Phòng Của Bạn</strong></p><p>Phạm vi quan sát rộng để nắm bắt mọi khoảnh khắc của chiếc <a href=\"https://viethansecurity.com/camera-quan-sat.html\"><strong>camera quan sát</strong></a> Tapo.</p><p><img src=\"https://viethansecurity.com/media/lib/6525_camera-quan-sat-wifi-tapo-c2006-min.jpg\" alt=\"\"></p><p><strong>Chia Sẻ Mọi Khoảnh Khắc Đáng Nhớ</strong></p><p>Những khoảnh khắc đáng yêu và thú vị rất đáng để chia sẻ, đặc biệt là với những người thân yêu ở xa. Lưu giữ khoảnh khắc đáng nhớ hàng ngày và một phần của cuộc sống của bạn với mỗi giây quý giá bạn chia sẻ.</p><p><img src=\"https://viethansecurity.com/media/lib/6525_camera-quan-sat-wifi-tapo-c2008-min.jpg\" alt=\"Chia sẻ mọi khoảnh khắc với Camera quan sát wifi Tapo C200\"></p><p><strong>Một Cú Nhấp Nhẹ Để Đến Với Những Khoảnh Khắc Quan Trọng</strong></p><p>Ứng dụng Tapo Camera miễn phí mang đến mọi thứ bạn cần trên đầu ngón tay.</p><p>&nbsp;</p><p><strong>1. Kiểm tra hộp video để phát lại các bản ghi trước đó</strong><br><br>- Chọn một camera cụ thể và xác định vị trí bạn muốn ghi lại theo ngày.</p><p><strong>2. Đặt lịch để kiểm tra video định kỳ</strong><br><br>- Camera sẽ tự động quay video dựa trên lịch trình của bạn, bất kể nó có phát hiện chuyển động hay không.</p><p><strong>3. Xác định và giữ một vị trí cố định</strong><br><br>- Khi bạn nhấp vào lưu vị trí đó trong ứng dụng, nó sẽ chuyển sang vị trí đó ngay lập tức.</p><p><strong>4. Kiểm tra nhiều vị trí quan sát cùng một lúc</strong></p><p>Dễ dàng cài đặt với cấu hình Soft AP</p><figure class=\"image\"><img src=\"https://viethansecurity.com/media/lib/6525_camera-quan-sat-wifi-tapo-c20010-min.jpg\" alt=\"Camera quan sát wifi Tapo C200\"></figure>'),
(49, 'Camera wifi chính hãng EZVIZ C6CN HD 1080P 2Mp, khe thẻ nhớ Micro SD, quay quét 360, âm thanh nói chuyện 2 chiều', '- Quay quét 360 độ, Hồng ngoại 10m\r\n- Nhận diện người với công nghệ AI, Chống ngược sáng thực\r\n- Starlinght Lens, Chuẩn nén H.265\r\n- Đàm thoại 2 chiều, Tích hợp chế độ riêng tư\r\n- Wi-fi 2.4GHZ, Hỗ trợ khe cắm thẻ nhớ lên tới 256GB', '709000', 100, 13, '<h2>Camera wifi chính hãng EZVIZ C6CN HD 1080P 2Mp, khe thẻ nhớ Micro SD, quay quét 360, âm thanh nói chuyện 2 chiều</h2><p><a href=\"https://viethansecurity.com/camera-wifi-ezviz-c6cn.html\">Camera wifi chính hãng EZVIZ C6CN</a>&nbsp;wifi HD 1080P 2mp được trang bị chức năng Smart IR, sử dụng ánh sáng hồng ngoại (IR) tiên tiến để thu được nhiều chi tiết hơn trong ánh sáng mờ. Với tầm nhìn 360 độ và chức năng theo dõi thông minh theo vật thể chuyển động, bạn đã không cần phải lo lắng về việc&nbsp;hạn chế tầm nhìn.</p><p><a href=\"https://viethansecurity.com/camera-ip-ezviz.html\">Camera EZVIZ</a>&nbsp;là một trong những thương hiệu Camera nổi tiếng trên thế giới&nbsp; của nhà máy&nbsp;<a href=\"https://viethansecurity.com/camera-hdtvi-hikvision.html\"><strong>Camera Hikvision</strong></a>&nbsp;chuyên về các dòng&nbsp;<a href=\"https://viethansecurity.com/camera-wifi.html\"><strong>Camera Wifi&nbsp;không dây</strong></a>.&nbsp;Các sản phẩm và dịch vụ mang tính đột phá của EZVIZ có thể sử dụng cho ngôi nhà của bạn, nơi làm việc, cửa hàng, trường học, ... EZVIZ cũng cung cấp dịch vụ điện toán đám mây tối ưu của mình với khách hàng và cùng nhau xây dựng nên một hệ sinh thái Internet vạn vật kết nối (IoT) toàn diện.</p><h3><strong>1. Ưu điểm</strong></h3><ul><li>Thiết kế hiện đại.</li><li>Tích hợp AI giúp nhận diện người nhanh, chính xác --&gt; Giúp tăng cường độ chính xác và an ninh hơn</li><li>Chống ngược sáng thực --&gt; Giúp cho hình ảnh chân thực, không bị lóa khi ngược sáng</li><li>Chuẩn nén H.265 --&gt; Giúp cho việc lưu trữ tốn ít dung lượng và ít băng thông hơn</li><li>Tích hợp thêm tính năng AI có thể nhận diện người nhanh chóng, chính xác hơn.</li></ul><p>&nbsp;<img src=\"https://viethansecurity.com/media/lib/6404_camera-c6cn-1080p-cong-nghe-ai.jpg\" alt=\"\"></p><h3><strong>2. Tính năng cơ bản camera wifi chính hãng Ezviz C6CN</strong><br>&nbsp;</h3><p>- Camera xoay wifi với cảm biến 1/3\" gressive Scan CMOS<br>- Độ Phân giải HD 1920x1080<br>- Ống kính 4mm@ F1.6<br>- Chuẩn nén H.265 tiết kiệm băng thông lưu trữ<br>- Xoay 4 chiều (góc xoay ngang: 340°, góc xoay dọc: 120°)<br>- Giảm nhiễu 3D DNR, cân bằng trắng BLC<br>- Chống ngược sáng thực WDR<br>- Hỗ trợ khe cắm thẻ nhớ MicroSD Card lên đến 128GB<br>- Âm thanh đàm thoại 2 chiều<br>- Hỗ trợ 1 cổng LAN RJ45<br>- Tích hợp chip AI chống báo động giả bằng cách phân tích hình dạng người &amp; xe<br>- Phần mềm xem từ xa trên smart phone EZVIZ cloud miễn phí<br>- Nguồn DC 5V±10%<br>- Công suất tiêu thụ Max. 5W<br>- Hỗ trợ đèn hồng ngoại thông minh ban đêm<br><strong>**Tính năng thông minh:&nbsp;</strong>Cảnh báo chuyển động / Tự động xoay theo đối tượng chuyển động (Công nghệ AI)<br>- Chế độ hình ảnh toàn cảnh cho phép chọn vị trí cần xoay đến dễ dàng<br>- Chế độ riêng tư cho phép camera tạm ngưng hoạt động khi không cần thiết</p><p>&nbsp;</p><p><img src=\"https://viethansecurity.com/media/lib/27-08-2021/ezvizc6cnhd1080pdedangquansattoancanh.jpg\" alt=\"\"></p><p><strong>Mang đến sự bảo vệ tuyệt vời</strong></p><p><i>Camera wifi chính hãng EZVIZ C6CN</i> có khả năng bao quát toàn vùng viws khả năng quay, quét<strong> 360 độ</strong>. Phiên bản mới nay được tích hợp thêm tính năng <strong>AI</strong> có thể nhận diện người nhanh chóng, chính xác hơn.&nbsp;</p><h2>EZVIZ C6CN HD 1080P&nbsp;<strong>Nhận cảnh báo khi phát hiện chuyển động.</strong></h2><p>Chúng ta đều muốn nhận được những thông báo quan trọng. Với chip AI tiên tiến cùng khả năng điện toán, phiên bản nâng cấp C6CN phát hiện và dò tìm đường viền thân nhiệt trong thời gian thực.</p><p><img src=\"https://viethansecurity.com/media/lib/27-08-2021/ezvizc6cnhd1080pnhancanhbaokhiphathienchuyendong.jpg\" alt=\"\"></p><h2>EZVIZ C6CN HD 1080P&nbsp;<strong>Công nghệ True-WDR đem tới hình ảnh rõ nét.</strong></h2><p>Camera C6CN mới sử dụng công nghệ True-WDR dựa trên cảm biến để loại bỏ hiện tượng quá sáng hoặc quá tối trong các cảnh có độ tương phản cao, mang lại hình ảnh sáng cân bằng suốt cả ngày</p><p>&nbsp;<img src=\"https://viethansecurity.com/media/lib/27-08-2021/ezvizc6cnhd1080pchngngcsangtot.jpg\" alt=\"\"></p><p><img src=\"https://viethansecurity.com/media/lib/27-08-2021/ezvizc6cnhd1080ptrchuyn2chiu.jpg\" alt=\"\"></p><p>&nbsp;</p><p><img src=\"https://viethansecurity.com/media/lib/6404_camera-wife-ezviz-c6cn1.gif\" alt=\"Camera Wife EZVIZ C6CN (Chuẩn nén H.265, Full HD 1080P)\"></p><p>Camera quay quét liên mạng</p><p><strong>Camera wifi chính hãng EZVIZ C6CN </strong>Smart Home Camera&nbsp;có khả năng bao quát toàn vùng với trường nhìn 360°. Chiếc <a href=\"https://viethansecurity.com/camera-wifi.html\"><strong>camera Wi-Fi</strong></a>&nbsp;xoay nghiêng full HD đáng tin cậy.</p><p><strong>Không có điểm mù</strong></p><p>Theo dõi mọi gian phòng chỉ bằng một C6CN. Trường nhìn 360° mở rộng đảm bảo bao quát đầy đủ căn nhà vì thế bạn sẽ không bỏ lỡ bất kỳ điều gì.</p><p><img src=\"https://viethansecurity.com/media/lib/6404_camera-wife-ezviz-c6cn2.gif\" alt=\"Camera Wife EZVIZ C6CN giá rẻ\"></p><p><strong>Thông minh và gọn nhẹ</strong></p><p>Khi phát hiện một vật thể chuyển động, <strong>EZVIZ C6CN</strong> đủ thông minh để tự động theo dõi chuyển động của vật thể đó trong khi gửi cảnh báo đến bạn bằng hình ảnh theo thời gian thực.</p><p><img src=\"https://viethansecurity.com/media/lib/6404_camera-wife-ezviz-c6cn3.gif\" alt=\"Camera Wife EZVIZ C6CN tại Hà Nội\"></p><p><strong>Ezviz C6CN HD 1080P Bảo vệ quyền riêng tư</strong></p><p>Bạn cần một chút riêng tư? Với một lần nhấn ứng dụng EZVIZ trên thiết bị di động của bạn, màn trập riêng tư được thiết kế tinh tế cho phép bạn tắt ống kính - mọi lúc mọi nơi.</p><p><img src=\"https://viethansecurity.com/media/lib/27-08-2021/ezvizc6cnhd1080pbaoveriengtucuaban.jpg\" alt=\"\"></p><p><img src=\"https://viethansecurity.com/media/lib/6404_camera-wife-ezviz-c6cn4.gif\" alt=\"Bảo vệ quyền riêng tư\"></p><p><strong>Lắp đặt đơn giản và linh hoạt</strong></p><p>Lắp đặt&nbsp;Camera wifi chính hãng EZVIZ C6CN&nbsp;theo cách phù hợp nhất với ngôi nhà của bạn. Sử dụng tính năng trượt hình ảnh và thoải mái đặt <a href=\"https://viethansecurity.com/camera-quan-sat.html\"><strong>camera giám sát</strong></a> trên giá gắn hay lắp cố định vào tường hoặc trần nhà của bạn. Sử dụng đế bắt vít đi kèm với camera để tối đa hóa khả năng thích ứng.</p><p><img src=\"https://viethansecurity.com/media/lib/6404_camera-wife-ezviz-c6cn5.gif\" alt=\"Lắp đặt đơn giản\"></p><p><strong>Luôn được kết nối</strong></p><p>Kết nối <a href=\"https://viethansecurity.com/camera-wifi-ezviz-c6cn.html\"><i>Ezviz C6CN hd 1080p</i></a> với mạng có dây hoặc không dây của bạn. Tận hưởng kết nối ổn định mà không bị rớt mạng.</p><p><img src=\"https://viethansecurity.com/media/lib/6404_camera-wife-ezviz-c6cn6.gif\" alt=\"Camera Wife EZVIZ C6CN luôn được kết nối\"></p>'),
(50, 'Camera quan sát analog HD Hikvision DS-2CE16D0T-ITPF (HD-TVI, 2 MP, hồng ngoại 25 m)', '- 2 MP, 1920 × 1080\r\n- Lens 3.6 mm (tùy chọn 2.8 mm/6 mm)\r\n- Hỗ trợ xuất hình 4 trong 1(TVI/AHD/CVI/CVBS)\r\n- Hồng ngoại thông minh lên đến 25 m\r\n- IP67\r\n- Vỏ nhựa', '570000', 100, 13, '<h2><strong>Camera quan sát analog HD Hikvision DS-2CE16D0T-ITPF (HD-TVI, 2 MP, hồng ngoại 25 m)&nbsp;</strong></h2><h3>1. Ưu điểm:</h3><ul><li>Thiết kế hiện đại</li><li>Độ phân giải cao</li><li>Dễ dàng sử dụng và lắp đặt</li><li>Tính năng hống&nbsp;bụi, chống nước IP67 ưu việt.</li></ul><h3>2. Thông số kỹ thuật và tính năng:&nbsp;</h3><p>Camera HD-TVI 4 in 1 hồng ngoại 2.0 Megapixel HIKVISION DS-2CE16D0T-ITPF thuộc dòng&nbsp;<a href=\"https://viethansecurity.com/camera-quan-sat.html\">camera quan sát</a> cung cấp hình ảnh sắc nét, tầm xa hồng ngoại lên đến 30m giúp quan sát trong điều kiện thiếu sáng rõ ràng, chuẩn kháng bụi, nước IP67 phù hợp lắp kho xưởng và ngoài trời. Lựa chọn camera quan sát ban đêm có hồng ngoại tốt HIKVISIONDS-2CE16D0T-ITPF là một trong những sản phẩm chiến lược của Camera HIKVISON với nhiều công trình chuyên dụng trong môi trường khắc nghiệt để sử dụng camera.</p><p><img src=\"https://viethansecurity.com/media/lib/4640_camera-quan-sat-analog-hd-hikvision-ds-2ce16d0t-itpf-chinh-hang.jpg\" alt=\"Camera quan sát analog HD Hikvision DS-2CE16D0T-ITPF (HD-TVI, 2 MP, hồng ngoại 25 m) \"></p><p>Su thế phát triển áp dụng nhiều công nghệ trong camera HIKVISION <a href=\"https://viethansecurity.com/camera-hikvision-ds-2ce16d0t-itpf-hdtvi-2.0-megapixel-hong-ngoai-30m-tich-hop-mic.html\"><strong>DS-2CE16D0T-ITPF</strong></a>, là camera có chất lượng HD độ nét cao phù hợp với giá thành nhất trong các dòng camera của Camera HIKVISON , Được thiết kế chuẩn chống mưa nắng tốt trong điều kiện tuyệt đối của camera thì&nbsp;Camera HDTVI 4 in 1 hồng ngoại 2.0 Megapixel HIKVISION DS-2CE16D0T-ITPF để tư vấn cách sử dụng của sản phẩm này, khách hàng vui lòng liên hệ công ty chúng tôi qua điện điện thoại Hotline để được tư vấn phù hợp.</p><p>HIKVISION - nhà cung cấp lớn nhất camera giám sát và các giải pháp camera. Cũng như các dòng sản phẩm chuông cửa màn hình, ổ cứng SSD, báo trộm ... Được thành lập vào năm 2001, Camera quan sát HIKVISION đã nhanh chóng đạt top đầu thế giới. Trụ sở chính tại Thẩm Quyến - Trung Quốc, cho đến nay đã có hơn 30 chi nhánh trong khắp đất nước Trung Quốc. Và hơn 16 các công ty con ở trên toàn thế giới trong đó có Việt Nam.</p><h3><strong>Tính năng của</strong>&nbsp;<a href=\"https://viethansecurity.com/camera-hdtvi-hikvision.html\">camera HIKVISION</a> DS-2CE16D0T-ITPF</h3><p>- Camera 4 in 1 hỗ trợ kết nối TVI/AHD/CVI/CVBS.</p><p>- Cảm biến hình ảnh: CMOS.</p><p>- Độ phân giải: 2.0 Megapixel (1920 x 1080).</p><p>- Độ nhạy sáng: 0.01 Lux@(F1.2, AGC ON), 0 Lux with IR.</p><p>- Ống kính: 2.8mm/ 3.6mm/ 6mm.</p><p>- Tầm quan sát hồng ngoại: 25 mét.</p><p>- Chức năng quan sát Ngày và Đêm (cắt lọc hồng ngoại ICR).</p><p>- Chế độ hình ảnh: STD/ HIGH- SAT.</p><p>- Chức năng chống ngược sáng kỹ thuật số DWDR.</p><p>- Tiêu chuẩn chống thấm nước và bụi: IP67 (thích hợp sử dụng trong nhà và ngoài trời).</p><p>- Nguồn điện cung cấp: 12VDC.</p><p>- Bảo hành: 24 tháng.</p>'),
(51, 'Camera quan sát analog HD Hikvision DS-2CE76D0T-ITPFS (HD-TVI, 2 MP, hồng ngoại 30 m, Full HD 1080P)', '- 2 MP, 1920 × 1080\r\n- Lens 3.6 mm (tùy chọn 2.8 mm/6 mm)\r\n- Hỗ trợ xuất hình 4 trong 1(TVI/AHD/CVI/CVBS)\r\n- Hồng ngoại thông minh lên đến 20m ~ 30 m\r\n- Tích hợp Micro thu âm thanh (tín hiệu âm thanh truyền trực tiếp trên cáp đồng trục)\r\n- IP67\r\n- Vỏ nhựa', '642000', 100, 13, '<h2><strong>Camera quan sát analog HD Hikvision DS-2CE76D0T-ITPFS (HD-TVI, 2 MP, hồng ngoại 30 m, Full HD 1080P)</strong></h2><h3><strong>1. Ưu điểm:&nbsp;</strong></h3><p>- Tầm quan sát hồng ngoại: 30 mét với công nghệ hồng ngoại thông minh.</p><p>- Tiêu chuẩn chống nước và bụi&nbsp;(IP67) ưu việt</p><p>- Thiết kế nhỏ gọn, dễ dàng lắp đặt ở mọi vị trí.</p><h3><strong>2. Tính năng và thông số kỹ thuật</strong>&nbsp;</h3><p>Camera HIKVISION DS-2CE76D0T-ITPFS giúp người dùng quan sát được tất cả các góc cạnh khi có đặt chiếc&nbsp;<a href=\"https://viethansecurity.com/camera-quan-sat.html\">camera quan sát</a> này, với chất lượng hình ảnh sắc nét đặc biệt có thể nhìn được vào ban đêm, giúp cho căn nhà, căn hộ hay văn phòng của bạn được an toàn trong các trường hợp trộm cắp nhiều như hiện nay.</p><p><img src=\"https://viethansecurity.com/media/product/4645_san_pham_camera_hikvision_ds_2ce76d0t_itpfs.jpg\" alt=\"Hikvision DS-2CE76D0T-ITPFS\"></p><p><a href=\"https://viethansecurity.com/camera-analog-hd.html\"><strong>Camera quan sát analog HD</strong></a>&nbsp;DS-2CE76D0T-ITPFS là dòng HDTVI có hỗ trợ mic thu âm trên cáp đồng trục, độ phân giải HD cho hình ảnh sắc nét, chất lượng cao. Mẫu camera quan sát này thu hút khách hàng và dễ dàng sử dụng, lắp đặt ngoài trời cho gia đình, văn phòng…</p><p>Là dòng camera HD Analog 4 trong 1 mới và lần đầu tiên được tích hợp Micro, truyền dẫn qua cáp tín hiệu của HIKVISION. Thích hợp để ghi hình và ghi âm, Vẫn đảm bảo khả năng hoạt động tốt để gắn ngoài trời khi đạt chuẩn bảo vệ IP67 . Với thiết kế để ốp trần và tường, Thích hợp sử dụng cho môi trường văn phòng, nhà ở, hội trường.v.v</p><h3>Tính năng của camera HIKVISION&nbsp;<a href=\"https://viethansecurity.com/camera-hikvision-ds-2ce76d0t-itpfs-hdtvi-2.0-megapixel-hong-ngoai-20m-tich-hop-mic.html\">DS-2CE76D0T-ITPFS</a></h3><p>- Cảm biến hình ảnh: CMOS.</p><p>- Độ phân giải camera: 2.0 Megapixel (1920 (H) × 1080 (V)).</p><p>- Tầm quan sát hồng ngoại: 20 mét.</p><p>- Ống kính: 2.8 mm, 3.6 mm, 6 mm fixed focal lens.</p><p>- Audio over coaxial cable, built-in mic.</p><p>- 4 in 1 video output (switchable TVI/AHD/CVI/CVBS).</p>'),
(52, 'Camera quan sát analog HD Hikvision DS-2CE16D0T-ITF (HD-TVI, 2 MP, hồng ngoại 25 m)', '- 2 MP, 1920 × 1080\r\n- Lens 3.6 mm (tùy chọn 2.8 mm/6 mm)\r\n- Hỗ trợ xuất hình 4 trong 1(TVI/AHD/CVI/CVBS)\r\n- Hồng ngoại thông minh lên đến 25 m\r\n- IP67\r\n- Vỏ sắt', '618000', 100, 13, '<h2><strong>Camera quan sát analog HD Hikvision DS-2CE16D0T-ITF (HD-TVI, 2 MP, hồng ngoại 25 m)&nbsp;</strong></h2><h3><strong>1. Ưu điểm của sản phẩm:&nbsp;</strong></h3><ul><li>Thiết kế hiện đại</li><li>Độ phân giải cao</li><li>Dễ dàng sử dụng</li><li>Tiêu chuẩn chống bụi, nước (IP67)</li></ul><h3>2. Thông số kỹ thuật và tính năng:</h3><p>Camera HIKVISION DS-2CE16D0T-ITF HDTVI 2.0 megapixel là dòng&nbsp;camera HDTVI có thể chuyển 4 chế độ TVI/AHD/CVI/CVBS giá tốt. Có độ phân giải 2.0 megapixel, tầm xa 30m, chống ngược sáng tốt. Camera thân hồng ngoại HIKVISION DS-2CE16D0T-ITF công nghệ mới, độ phân giải HD cho hình ảnh sắc nét, chất lượng cao. Mẫu mã thu hút khách hàng và dễ dàng sử dụng, lắp đặt ngoài trời cho gia đình, văn phòng…</p><p>Hiện dòng sản phẩm&nbsp;<a href=\"https://viethansecurity.com/camera-quan-sat.html\">camera quan sát</a> DS-2CE16D0T-ITF đang được Việt Hàn Security nhập khẩu bán ra thị trường với mức giá tốt nhất, mang đến tay người tiêu dùng những sản phẩm chất lượng. Camera HIKVISION DS-2CE16D0T-ITF HDTVI 2.0 megapixel sắc nét đến từng chi tiết, giúp người xem có thể thấy rõ nét các hoạt động nơi mình lắp đặt camera.</p><p><img src=\"https://viethansecurity.com/media/lib/4639_camera-quan-sat-analog-hd-hikvision-ds-2ce16d0t-itf-chinh-hang.jpg\" alt=\"Camera quan sát analog HD Hikvision DS-2CE16D0T-ITF\"></p><h3><strong>Tính năng của&nbsp;</strong>camera Hikvision&nbsp;<a href=\"https://viethansecurity.com/camera-hikvision-ds-2ce16d0t-itf-hdtvi-2.0-megapixel-hong-ngoai-30m-tich-hop-mic.html\">DS-2CE16D0T-ITF</a></h3><p>- Camera 4 in 1 hỗ trợ kết nối TVI/AHD/CVI/CVBS.</p><p>- Cảm biến hình ảnh: CMOS.</p><p>- Độ phân giải: 2.0 Megapixel (1920 x 1080).</p><p>- Độ nhạy sáng: 0.01 Lux@(F1.2, AGC ON), 0 Lux with IR.</p><p>- Ống kính: 2.8mm/ 3.6mm/ 6mm.</p><p>- Tầm quan sát hồng ngoại: 25 mét.</p><p>- Chức năng quan sát Ngày và Đêm (cắt lọc hồng ngoại ICR).</p><p>- Chế độ hình ảnh: STD/ HIGH- SAT.</p><p>- <a href=\"https://viethansecurity.com/camera-analog-hd.html\"><strong>Camera quan sát analog HD</strong></a>&nbsp; với chức năng chống ngược sáng kỹ thuật số DWDR.</p><p>- Tiêu chuẩn chống thấm nước và bụi: IP67 (thích hợp sử dụng trong nhà và ngoài trời).</p><p>- Nguồn điện cung cấp: 12VDC.</p><p>- Bảo hành: 24 tháng.</p>'),
(53, 'Camera hành trình có cảnh báo tốc độ Vietmap S70G HD 1080P hiển thị mini Vietmap, góc rộng 170 độ', '+ Chip xử lý: PPG8031\r\n+ Cảm biến ảnh SONY Starvis\r\n+ Màn hình: LCD 2.7\"\r\n+ Ống kính 6 lớp góc rộng 170°, Khẩu độ F1.6\r\n+ Độ phân giải  Full HD 1920 x 1080 p60\r\n+ Có GPS (Tích hợp trong máy )', '4790000', 100, 14, '<h2><strong>Camera hành trình có cảnh báo tốc độ Vietmap S70G HD 1080P hiển thị mini Vietmap, góc rộng 170 độ</strong></h2><p>+ Hiện nay trên thị trường có rất nhiều dòng camera hành trình nhưng tiêu biểu nhất và được nhiều người dùng nhất là dòng camera hành trình Vietmap S70G HD 1080P được tích hợp nhiều tính năng hiện đại có độ phân giải cao dễ dàng lắp đặt trên mọi loại xe , đặc biệt với tính năng điều khiển bằng giọng nói giúp tài xế đỡ phải thao tác bằng tay mỗi khi lái xe, S70G đã và đang nhận được sự tin tưởng nhiều của khách hàng.</p><p>+ VietMap là thương hiệu lớn nhất tại thị trường Việt Nam về camera hành trình và thiết bị dẫn đường. Các sản phẩm của Vietmap luôn có chất lượng cao hơn những sản phẩm cùng loại trên thị trường mà giá cả lại rất cạnh tranh. Đặc biệt VietMap có rất nhiều sản phẩm phù hợp cho từng đối tượng khách hàng khác nhau.</p><p>+ Camera hành trình Vietmap là sản phẩm tiện ích và dễ sử dụng cho mọi loại xe oto. Hướng tới sự hài lòng của quý khách hàng chính là sự tiện lợi, dễ dàng <i><strong>lắp camera hành trình</strong></i> cũng như cài đặt.</p><h3><strong>1. Ưu điểm của camera hành trình có cảnh báo tốc độ Vietmap S70G HD 1080P.</strong></h3><p>+ Ghi hình Full HD 1080.<br>+ Cảm biến ảnh Sony Starvis.<br>+ Chế độ hiển thị MINI VIETMAP.<br>+ Cảnh báo tốc độ giới hạn.<br>+ Cảnh báo bằng giọng nói.<br>+ Ghi hình góc rộng 170 độ.<br>+ Hỗ trợ thẻ nhớ lên đến 128GB.</p><h3><strong>2. Thông số và tính năng của camera hành trình có cảnh báo tốc độ Vietmap S70G HD 1080P.</strong></h3><p>+ Camera ghi hình góc siêu rộng kết hợp với cảm biến hình ảnh thế hệ mới Sony Starvis hỗ trợ lưu lại chi tiết toàn bộ hành trình.</p><p><img src=\"https://viethansecurity.com/media/lib/27-07-2021/camera-hanh-trinh-vietmap-gosafe-s70g-chat-luong.png\" alt=\"Camera sau Papago S1 tích hợp với camera Vietmap Papago S70G\"></p><p><strong>VIETMAP GS70G với tính năng độc đáo cảnh báo thông tin giao thông bằng giọng nói trên toàn quốc:</strong></p><p>- Hiển thị tên đường đang di chuyển.<br>- Hiển thị tốc độ giới hạn tối đa với dòng <a href=\"https://viethansecurity.com/camera-hanh-trinh.html\"><i><strong>camera hành trình</strong></i></a><i><strong>&nbsp;có cảnh báo tốc độ</strong></i>.<br>- Hiển thị tên giao lộ kế tiếp.<br>- Hiển thị trạm xăng gần nhất.<br>- Hiển thị bãi đỗ xe gần nhất.<br>- Ghi hình với tên đường đang di chuyển.</p><p><img src=\"https://viethansecurity.com/media/lib/27-07-2021/camera-hanh-trinh-vietmap-gosafe-s70g.png\" alt=\"Camera sau Papago S1 tích hợp với camera Vietmap Papago S70G\"></p><p><strong>VIETMAP PAPAGO! GoSafe GS70G với tính năng cảnh báo thông tin giao thông bằng giọng nói với dữ liệu chi tiết trên toàn quốc:</strong></p><p>- Cảnh báo biển báo giới hạn.<br>- Báo khu vực có camera giao thông.<br>- Cảnh báo vào và ra khỏi khu dân cư.<br>- Cảnh báo biển báo cấm vượt/ hết cấm vượt.<br>- Cảnh báo khu vực thường xuyên kiểm tra tốc độ.</p><p><strong>Hỗ trợ lái xe an toàn với&nbsp;camera giám sát xe ô tô</strong><br>&nbsp;</p><p>+ Bằng cách ứng dụng công nghệ phân tích hình ảnh, tính toán khoảng cách với xe đang di chuyển phía trước.</p><p>+&nbsp;<strong>Camera hành trình cảnh báo tốc độ giá rẻ&nbsp;</strong><a href=\"https://viethansecurity.com/camera-hanh-trinh-co-canh-bao-toc-do-vietmap-s70g-hd-1080p-hien-thi-mini-vietmap-goc-rong-170-do.html\"><strong>Vietmap S70G</strong></a><strong> HD 1080P</strong> sẽ báo âm thanh nhắc nhở tài xế nếu lái xe quá gần so với khoảng cách an toàn để tránh gây tai nạn đáng tiếc.</p><p><strong>Kết nối cảm biến áp suất lốp</strong></p><p>+ Phụ kiện cảm biến áp suất lốp TPMS gắn ngoài Tiresafe D10e với thông tin hiển thị đồng bộ và thao tác giao diện đồ họa thân thiện giúp việc trải nghiệm <i><strong>camera hành trình cảnh báo tốc độ</strong></i> trở nên dễ dàng.</p><p><img src=\"https://viethansecurity.com/media/lib/27-07-2021/camera-hanh-trinh-vietmap-gosafe-s70g-gia-re.png\" alt=\"\"></p><p>&nbsp;</p><p><strong>Giá camera hành trình Vietmap S70G HD 1080P bao nhiêu? Mua&nbsp;</strong><a href=\"https://viethansecurity.com/camera-hanh-trinh-xe-vietmap.html\"><strong>camera hành trình Vietmap</strong></a><strong> S70G HD 1080P ở đâu?</strong></p><p><strong>Nếu bạn đang tìm kiếm một camera hành trình chính hãng có thể điều khiển bằng giọng nói thì camera hành trình Vietmap S70G HD 1080P chính là sự lựa chọn tuyệt vời. Việt Hàn Security cam kết bán hàng chính hãng 100% đền 1 tỷ đồng nếu quý khách hàng phát hiện hàng giả.</strong></p><p><br>&nbsp;</p>'),
(54, 'Camera hành trình Vietmap C6 ghi hình Full HD 1080P, Màn hình 2.45 Inch, Cảm biến ánh sáng, Cảm biến va chạm, Kết nối Wifi (Viết đánh giá)', 'Bộ bao gồm : Máy VietMap C6, Giá đỡ chân không, Sạc nguồn ô tô, Cáp USB,  Sách HDSD', '2090000', 100, 14, '<h2><strong>Camera hành trình Vietmap C6&nbsp;ghi hình Full HD 1080P</strong></h2><p><strong>Camera hành trình ô tô</strong> đang là sự lựa chọn số 1 của những người yêu xe. Trong thời gian gần đây, cái tên <strong>camera hành trình Vietmap</strong> C6 đang được rất nhiều khách hàng nhắc đến, nhiều người đánh giá nó giống như một siêu phẩm. Có gì đặc biệt ở thiết bị này? Câu trả lời sẽ có trong bài viết ngày hôm nay của chúng tôi.</p><p><img src=\"https://viethansecurity.com/media/lib/3792_thong-so-vietmap-c6.jpg\" alt=\"Thông số camera hành trình Vietmap C6\"></p><p><strong>Tính năng của&nbsp;Camera hành trình Vietmap&nbsp;C6</strong>&nbsp;</p><p>Kết nối WIFI Xem video trực tiếp&nbsp;trên điện thoại</p><p><a href=\"https://viethansecurity.com/camera-hanh-trinh-xe-vietmap.html\"><strong>Camera hành trình Vietmap</strong></a><strong>&nbsp;C6&nbsp;</strong>trang bị công nghệ truyền dữ liệu qua kết nối không dây&nbsp;<strong>WIFI nội bộ (khoảng cách kết nối 6m)</strong>, giúp cho việc xem lại, lưu trữ ngay lập tức và dễ dàng trên các thiết bị <strong>HĐH Android, IOS.</strong></p><p><img src=\"https://viethansecurity.com/media/lib/3792_ket-noi-wifi-khong-day-c6.jpg\" alt=\"Camera hành trình Vietmap C6 kết nối Wifi không dây \"></p><p><strong>- Vietmap C6 tích hợp cảm biến ảnh Sony</strong></p><p><strong>Camera hành trình oto Vietmap C6&nbsp;</strong>được tích hợp cảm biến ảnh&nbsp;<strong>Sony&nbsp;</strong>mới nhất, ghi hình video với độ phân giải Full HD 1080p siêu sắc nét, chất lượng hình ảnh cực rõ trong điều kiện môi trường ánh sáng yếu hoặc ban đêm. Cảm biến ảnh&nbsp;<strong>Sony</strong>&nbsp;còn có thể tự động điều chỉnh cân bằng ánh sáng tùy thuộc môi trường ánh sáng ngày hay đêm, giúp hình ảnh rõ nét.</p><p><img src=\"https://viethansecurity.com/media/lib/3792_cam-bien-anh-sony-camera-c6.jpg\" alt=\"Cảm biến ảnh sony camera C6\"></p><p>- <strong>Tính năng chống ngược sáng WDR</strong>&nbsp;</p><p><i><strong>Camera VietMap C6</strong></i> có thể ghi hình rất rõ trong những môi trường ánh sáng yếu và ngược sáng nhờ vào tính năng WDR (Wide Dynamic Range). Hình ảnh ghi vào ban đêm rất sáng và rõ nét.</p><p><img src=\"https://viethansecurity.com/media/lib/3792_vietmap-c6-chong-nguoc-sang-wdr.jpg\" alt=\"Camera Vietmap C6 chống ngược sáng WDR\"></p><p><strong>-&nbsp;Bền bỉ với pin siêu tụ điện</strong></p><p>Camera hành trình Vietmap C6&nbsp;được trang bị công nghệ đột phá mới trong việc áp&nbsp;dụng pin siêu tụ điện thế hệ mới. Giúp nâng cao khả năng hoạt động và tuổi thọ thiết bị.</p><p><img src=\"https://viethansecurity.com/media/lib/3792_pin-sieu-tu-dien-c6.jpg\" alt=\"Pin siêu tụ điện camera hành trình Vietmap C6\"></p><p><strong>Video ghi hình thực tế của&nbsp;camera hành trình Vietmap C6</strong></p><p>&nbsp;</p><p><strong>Camera hành trình </strong><a href=\"https://viethansecurity.com/camera-hanh-trinh-vietmap-c6-ghi-hinh-full-hd-1080p-man-hinh-245-inch-cam-bien-anh-sang-cam-bien-va-cham-ket-noi-wifi.html\"><strong>VIETMAP C6</strong></a>&nbsp;với các tính năng nổi bật: Ghi hình độ phân giải Full HD 1080p, cảm biến ánh sáng Sony ghi hình ngày đêm cực rõ, kết nối công nghệ WiFi - Xem, tải, chia sẻ&nbsp;video trực tiếp trên thiết bị Android - IOS</p><p><img src=\"https://viethansecurity.com/media/lib/3792_hop-camera-vietmap-c6.jpg\" alt=\"Hộp camera Vietmap C6\"></p><p>(Hộp Full box mới 100%)</p><p><img src=\"https://viethansecurity.com/media/lib/3792_mat-truoc-camera-hanh-trinh-vietmap-c6.jpg\" alt=\"Mặt trước camera hành trình Vietmap C6\"></p><p>(Camera hành trình <strong>Vietmap C6</strong> mặt trước)</p><p><img src=\"https://viethansecurity.com/media/lib/3792_mat-sau-vietmap-c6.jpg\" alt=\"Mặt sau camera hành trình Vietmap c6\"></p><p>(Camera hành trình&nbsp;<strong>Vietmap C6</strong>&nbsp;mặt sau)</p><p><img src=\"https://viethansecurity.com/media/lib/3792_phu-kien-camera-c6.jpg\" alt=\"Phụ kiện camera hành trình C6\"></p><p>(Phụ kiện <strong>Camera C6</strong>)&nbsp;</p><p>Sản phẩm <strong>camera Vietmap</strong> do Việt Hàn Security phân phối là<strong> sản phẩm chính hãng 100%</strong> bảo hành được tại trung tâm chính hãng do Vietmap ủy quyền.</p><p><strong>Cam kết hoàn tiền 200% nếu sản phẩm Vietmap mua tại Việt Hàn Security không chính hãng</strong></p><p><strong>Gọi ngay 1800 1598&nbsp;để có giá mua tốt nhất.</strong></p><p>Cảm ơn quý khách đã quan tâm đến sản phẩm dịch vụ của&nbsp;viethansecurity.com&nbsp;- chúng tôi luôn mong muốn đem lại dịch vụ tốt và giá cả hợp lý nhất cho mọi quý khách hàng. Chúng tôi chuyên cung cấp&nbsp;<a href=\"https://viethansecurity.com/camera-hanh-trinh.html\">camera hành trình</a>&nbsp;<strong>giá rẻ,&nbsp;</strong>chất lượng tốt nhất tại Hà Nội, Sài Gòn.</p>'),
(55, 'Camera hành trình tích hợp DVD Android VietMap V5 hỗ trợ cảnh báo lệch làn và khoảng cách bằng giọng nói', '+ Cam trước ghi hình Full HD, cam sau Chuẩn HD ( Kiêm cam lùi )\r\n+ Tích hợp DVD Android qua cổng USB\r\n+ Góc quay ghi hình rộng 1600.\r\n+ Hỗ trợ thẻ nhớ lên đến 64 GB Class 10. \r\n+ Hỗ trợ tính năng cảnh báo lệch làn và khoảng cách bằng giọng nói', '2290000', 100, 14, '<h2><strong>Camera hành trình tích hợp DVD Android VietMap V5 hỗ trợ cảnh báo lệch làn và khoảng cách bằng giọng nói</strong></h2><p>Camera hành trình online trực tuyến VietMap&nbsp;V5&nbsp;Tích hợp DVD Android qua cổng USB, góc quay ghi hình rộng 1600 giúp ghi lại chi tiết toàn bộ quá trình di chuyển khi tham gia giao thông,&nbsp;kết nối trực tiếp thông qua cổng USB giúp tối ưu nội thất và không gian bên trong xe. Ngoài ra, còn ứng dụng công nghệ phân tích giọng nói giúp lái xe dễ dàng và an toàn hơn.</p><p>VietMap là thương hiệu lớn nhất tại thị trường Việt Nam về camera hành trình và thiết bị dẫn đường. Các sản phẩm của Vietmap luôn có chất lượng cao hơn những sản phẩm cùng loại trên thị trường mà giá cả lại rất cạnh tranh. Đặc biệt VietMap có rất nhiều sản phẩm phù hợp cho từng đối tượng khách hàng khác nhau. Ở mỗi dòng sản phẩm Vietmap đều chăm chút cho từng chi tiết nhỏ nhất để các sản phẩm tới tay người tiêu dùng phải là sản phẩm có công nghệ tốt nhất và ít lỗi nhất.</p><p>Dưới đây là thông tin chi tiết về&nbsp;Camera hành trình tích hợp DVD Android VietMap V5 sẽ giúp bạn thấy đúng đắn khi lựa chọn sản phẩm của&nbsp;Việt Hàn Security.</p><h3><strong>1. Ưu điểm của&nbsp;camera hành trình tích hợp DVD Android VietMap V5</strong></h3><ul><li>Cam trước ghi hình Full HD, cam sau Chuẩn HD ( Kiêm cam lùi).</li><li>Tích hợp DVD Android qua cổng USB.</li><li>Góc quay ghi hình rộng 1600.</li><li>Hỗ trợ thẻ nhớ lên đến 64 GB Class 10.</li><li>Hỗ trợ tính năng cảnh báo lệch làn và khoảng cách bằng giọng nói.</li></ul><h3><strong>2. Thông số và tính năng của&nbsp;camera hành trình tích hợp DVD Android VietMap V5</strong></h3><p>VIETMAP V5 - giải pháp camera chuyên dụng dành cho các dòng xe sở hữu màn hình DVD Android, với thiết kế nhỏ gọn, kết nối trực tiếp thông qua cổng USB giúp tối ưu nội thất và không gian bên trong xe.</p><p><img src=\"https://viethansecurity.com/media/lib/25-07-2021/camera-hanh-trinh-tich-hop-dvd-android-vietmap-v5.jpg\" alt=\"Camera hành trình tích hợp DVD Android VietMap V5 hỗ trợ cảnh báo lệch làn và khoảng cách bằng giọng nói\"></p><p>Camera hành trình&nbsp;<a href=\"https://viethansecurity.com/camera-hanh-trinh-tich-hop-dvd-android-vietmap-v5.html\"><strong>VIETMAP V5</strong></a> với ống kính ghi hình góc rộng, chất lượng Full HD 1080p kênh trước cùng AHD 720p kênh sau giúp ghi lại chi tiết toàn bộ quá trình di chuyển khi tham gia giao thông.</p><p>Camera sau VIETMAP V5 với thiết kế gắn ngoài, trang bị công nghệ chống nước đồng thời tự động hiển thị thước đo khoảng cách hỗ trợ lùi tốt trong mọi điều kiện ánh sáng khi về số R.</p><p><img src=\"https://viethansecurity.com/media/lib/25-07-2021/camera-hanh-trinh-tich-hop-dvd-android-vietmap-v5-uu-dai.jpg\" alt=\"Camera hành trình tích hợp DVD Android VietMap V5 hỗ trợ cảnh báo lệch làn và khoảng cách bằng giọng nói \"></p><p>Với tính năng ghi hình vòng lặp, khi thẻ nhớ đầy <a href=\"https://viethansecurity.com/camera-hanh-trinh-xe-vietmap.html\"><strong>camera hành trình VIETMAP</strong></a><strong>&nbsp;V5</strong> sẽ tự động ghi hình đè theo vòng lặp và thay thế video cũ bằng video mới giúp tối ưu dung lượng bộ nhớ cho mọi chuyến hành trình.</p><p>VIETMAP V5 tương thích với VietMap Assistant ứng dụng thông minh do VietMap phát triển dành cho DVD hệ điều hành Android.</p><p>- Mở Camera Trước</p><p>- Mở Camera Sau</p><p><img src=\"https://viethansecurity.com/media/lib/25-07-2021/camera-hanh-trinh-tich-hop-dvd-android-vietmap-v5-re.jpg\" alt=\"Camera hành trình tích hợp DVD Android VietMap V5 hỗ trợ cảnh báo lệch làn và khoảng cách bằng giọng nói\"></p><p>Bằng cách ứng dụng công nghệ phân tích giọng nói, tích hợp lệnh điều khiển. Ứng dụng sẽ tự động thực thi lệnh điều khiển tài xế thông qua giọng nói tiếng việt giúp lái xe dễ dàng và an toàn hơn.</p><p><img src=\"https://viethansecurity.com/media/lib/25-07-2021/camera-hanh-trinh-tich-hop-dvd-android-vietmap-v5-tot.jpg\" alt=\"Camera hành trình tích hợp DVD Android VietMap V5 hỗ trợ cảnh báo lệch làn và khoảng cách bằng giọng nói\"></p><p><strong>Nếu như bạn đang còn những băn khoăn về giá sản phẩm hay địa chỉ mua&nbsp;camera hành trình&nbsp;cho xế yêu của mình thì Việt Hàn Security sẽ là địa chỉ đáng tin cậy đển bạn lựa chọn. Việt Hàn Security cam kết bán hàng chính hãng 100% đền 1 tỷ đồng nếu quý khách hàng phát hiện hàng giả.</strong></p>'),
(56, 'Camera hành trình trước sau VietMap KC01 Super HD 2K, Kết nối WIFI 5Ghz Xem & Tải Video', '- Thiết kế camera ghi hình kép - Ghi hình cùng lúc Trước & Sau xe\r\n- Ghi hình Super HD 2K, góc rộng 170o\r\n- Thiết kế nhỏ gọn, GPS tích hợp trong\r\n- Phát Wifi kết nối với thiết bị Android hay IOS để xem/tải /chia sẻ video một cách dễ dàng.\r\n- Hỗ trợ thẻ nh', '3990000', 100, 14, '<h2><strong>Camera hành trình trước sau VietMap KC01 Super HD 2K, Kết nối WIFI 5Ghz Xem &amp; Tải Video</strong></h2><p>Hãng Vietmap đã cho ra đời dòng camera hành trình&nbsp;trước sau VietMap&nbsp;KC01 hỗ trợ thẻ nhớ lên đến 128 GB Class 10, thiết kế nhỏ gọn, sang trọng, GPS tích hợp trong ghi lại chi tiết toàn bộ hành trình trước &amp; sau xe cùng với tốc độ, kết nối WIFI 5Ghz giúp việc xem lại, trích xuất video nhanh chóng.</p><p>VietMap là thương hiệu lớn nhất tại thị trường Việt Nam về camera hành trình và thiết bị dẫn đường. Các sản phẩm của Vietmap luôn có chất lượng cao hơn những sản phẩm cùng loại trên thị trường mà giá cả lại rất cạnh tranh. Đặc biệt VietMap có rất nhiều sản phẩm phù hợp cho từng đối tượng khách hàng khác nhau. Ở mỗi dòng sản phẩm Vietmap đều chăm chút cho từng chi tiết nhỏ nhất để các sản phẩm tới tay người tiêu dùng phải là sản phẩm có công nghệ tốt nhất và ít lỗi nhất.</p><p>Dưới đây là thông tin chi tiết về&nbsp;Camera hành trình trước sau VietMap KC01 sẽ giúp bạn thấy đúng đắn khi lựa chọn sản phẩm của Việt Hàn Security.</p><h3>1. Ưu điểm của camera hành trình trước sau VietMap KC01</h3><ul><li>Thiết kế camera ghi hình kép - Ghi hình cùng lúc Trước &amp; Sau xe.</li><li>Ghi hình Super HD 2K, góc rộng 170o.</li><li>Thiết kế nhỏ gọn, GPS tích hợp trong.</li><li>Phát Wifi kết nối với thiết bị Android hay IOS để xem/tải /chia sẻ video một cách dễ dàng.</li><li>Hỗ trợ thẻ nhớ lên đến 128 GB Class 10.</li><li>Sử dụng Pin siêu tụ điện.</li><li>Kết nối WIFI 5Ghz - Xem &amp; Tải Video.</li><li>trực tiếp từ thiết bị nhanh chóng.</li><li>Cảnh báo biển giao thông bằng giọng nói.</li></ul><h3>2. Thông số và tính năng của camera hành trình trước sau VietMap KC01</h3><p>Vietmap là một thương hiệu đã rất nối tiếng với các dòng sản phẩm camera hành trình. Có tích hợp kết nối với điện thoại bằng sóng 5Ghz và rất nhiều cảnh báo giao thông hữu ích. Một thương hiệu được rất nhiều anh em tài xế tin dùng và giới thiệu cho nhau.&nbsp;</p><p><img src=\"https://viethansecurity.com/media/lib/5398_thong-so-vietmap-kc01.jpg\" alt=\"\"></p><p>&nbsp;</p><p><strong>CAMERA GHI HÌNH KÉP TOÀN CẢNH TRƯỚC &amp; SAU&nbsp;</strong></p><p>- CAMERA HÀNH TRÌNH&nbsp;<strong>VIETMAP KC01</strong> với camera trước độ phân giải SUPER HD 2K kết hợp cùng camera sau Full HD 1080p trang bị cảm biến ảnh Sony Starvis, ghi lại chi tiết toàn bộ hành trình trước &amp; sau xe cùng với tốc độ.</p><p><img src=\"https://viethansecurity.com/media/lib/5398_ghi-hinh-truoc-sau-kc01.jpg\" alt=\"\"></p><p>&nbsp;</p><p><strong>KẾT NỐI WIFI</strong></p><p>-&nbsp;VIETMAP KC01 là sản phẩm&nbsp;<a href=\"https://viethansecurity.com/camera-hanh-trinh-xe-vietmap.html\"><strong>Camera giám sát hành trình VIETMAP</strong></a> đầu tiên với công nghệ truyền dữ liệu không dây băng tần 5.0 Ghz Giúp việc xem lại, trích xuất video nhanh chóng trên các thiết bị hệ điều hành Android, IOS thông qua ứng dụng VIETMAP REC.</p><p><img src=\"https://viethansecurity.com/media/lib/5398_ket-noi-wifi-5ghz.jpg\" alt=\"\"></p><p><strong>CẢM BIẾN SONY GHI HÌNH ĐÊM NÉT</strong></p><p>- VIETMAP KC01 được tích hợp cảm biến hình ảnh Sony Starvis ghi hình video siêu rõ nét với&nbsp;độ phân giải Super HD kênh trước và Full HD kênh sau chất lượng hình ảnh cực rõ trong điều kiện môi trường ánh sáng yếu hoặc ban đêm.</p><p>- Cảm biến ảnh Sony Starvis còn có thể tự động điều chỉnh cân bằng sáng tùy thuộc môi trường ánh sáng cực yếu, giúp hình ảnh rõ nét.</p><p><img src=\"https://viethansecurity.com/media/lib/5398_chip-sony-vietmap-kc01.jpg\" alt=\"\"></p><p><strong>BỀN BỈ VỚI PIN SIÊU TỤ ĐIỆN</strong></p><p>-&nbsp;VIETMAP KC01 được trang bị công nghệ pin mới trong việc áp dụng pin siêu tụ điện với khả năng nạp năng lượng nhanh chóng và chịu nhiệt cao. Giúp nâng cao khả năng hoạt động liên tục và tăng cường tuổi thọ thiết bị.</p><p><img src=\"https://viethansecurity.com/media/lib/5398_pin-tu-dien-lau-dai.jpg\" alt=\"\"></p><p><strong>GHI HÌNH VỚI THÔNG TIN TỐC ĐỘ</strong></p><p>-&nbsp;Với thiết kế nhỏ gọn, GPS được tích hợp sẵn bên trong <a href=\"https://viethansecurity.com/camera-hanh-trinh.html\"><strong>Camera hành trình</strong></a><strong>&nbsp;</strong>VIETMAP KC01 vừa mang lại thiết kế sang trọng, thẩm mỹ cho mọi dòng xe vừa đảm bảo thông tin chi tiết của video hành trình.</p><p><img src=\"https://viethansecurity.com/media/lib/5398_tich-hop-gps-vietmap.jpg\" alt=\"\"></p><p><strong>NHỎ GỌN TIỆN LỢI TỐI ƯU NỘI THẤT</strong></p><p>-&nbsp;<strong>Camera hành trình trước sau&nbsp;</strong><a href=\"https://viethansecurity.com/camera-hanh-trinh-truoc-sau-vietmap-kc01.html\"><strong>VietMap KC01</strong></a> với thiết kế \"thỏi son\" nhỏ gọn, dễ dàng lắp đặt giấu kín kết hợp với ống kính có thể tự do tùy chỉnh giúp tối ưu nội thất và không gian bên trong xe song nhưng vẫn đảm bảo khả năng ghi hình toàn cảnh.</p><p><img src=\"https://viethansecurity.com/media/lib/5398_camera-sau-sieu-nho-gon.jpg\" alt=\"\"></p><p>- <strong>Camera hành trình trước sau VietMap KC01</strong> với kích thước nhỏ gọn vừa ghi hình, vừa đảm bảo tính thanh lịch, sang trọng của nội thất xe.</p><p><strong>+ Mua camera hành trình trước sau VietMap KC01 ở đâu? Giá&nbsp;Camera hành trình trước sau VietMap KC01 bao nhiêu? Nếu như bạn đang còn những băn khoăn về giá sản phẩm hay địa chỉ mua&nbsp;camera hành trình&nbsp;cho xế yêu của mình thì Việt Hàn Security sẽ là địa chỉ đáng tin cậy đển bạn lựa chọn.&nbsp;</strong></p><p><br>&nbsp;</p>'),
(57, 'Camera hành trình đọc biển báo VietMap R4A Kết nối wifi truy xuất video', '- Cảnh báo biển giao thông bằng giọng nói.\r\n- Kết nối wifi truy xuất video.\r\n- Tự động ghi hình trùng lặp.\r\n- Ghi hình trước xe.\r\n- Nhận diện biển báo tốc độ.', '3680000', 100, 14, '<h2><strong>Camera hành trình đọc biển báo VietMap R4A Kết nối wifi truy xuất video</strong></h2><p>Dòng camera hành trình&nbsp;đọc biển báo VietMap&nbsp;R4A tự động ghi hình trùng lặp giúp không bị quá tải dung lượng thẻ nhớ, hỗ trợ nhận diện biển báo tốc độ giúp nhanh chóng điều chỉnh thao tác&nbsp;lái xe. Với công nghệ cảm biến cử chỉ, hỗ trợ tự động thực hiện thao tác chụp ảnh trở nên dễ dàng và nhanh chóng.</p><p>VietMap là thương hiệu lớn nhất tại thị trường Việt Nam về camera hành trình và thiết bị dẫn đường. Các sản phẩm của Vietmap luôn có chất lượng cao hơn những sản phẩm cùng loại trên thị trường mà giá cả lại rất cạnh tranh. Đặc biệt VietMap có rất nhiều sản phẩm phù hợp cho từng đối tượng khách hàng khác nhau. Ở mỗi dòng sản phẩm Vietmap đều chăm chút cho từng chi tiết nhỏ nhất để các sản phẩm tới tay người tiêu dùng phải là sản phẩm có công nghệ tốt nhất và ít lỗi nhất.</p><p>Dưới đây là thông tin chi tiết về&nbsp;Camera hành trình đọc biển báo VietMap R4A sẽ giúp bạn thấy đúng đắn khi lựa chọn sản phẩm của Việt Hàn Security.</p><h2>1. Ưu điểm của camera hành trình camera hành trình đọc biển báo VietMap R4A</h2><ul><li>Ghi hình chất lượng Ultra HD 4K đẹp, rõ nét ngày đêm.</li><li>Tích hợp cảnh báo giới hạn tốc độ, cảnh báo giao thông.</li><li>Hổ trợ nhận diện biển báo tốc độ.</li><li>Tích hợp GPS giúp ghi lai vận tốc và tọa độ.</li><li>Hổ trợ wifi giúp truy xuất video dễ dàng hơn.</li><li>Sử dụng tụ điện và chuẩn nén hình ảnh mới H265.</li></ul><h3>2. Thông số kỹ thuật và tính năng của camera hành trình đọc biển báo VietMap R4A</h3><p><img src=\"https://viethansecurity.com/media/lib/6889_camera-hanh-trinh-vietmap-r4a.jpg\" alt=\"Camera hành trình VIETMAP R4A \"></p><p><strong>TRẢI NGHIỆM HÌNH ẢNH SẮC NÉT</strong></p><p>Camera hành trình VIETMAP R4A với ống kính ghi hình góc rộng, chất lượng Ultra HD 4K giúp ghi lại toàn cảnh trước xe mang lại trải nghiệm hình ảnh chân thực sắc nét.</p><p><img src=\"https://viethansecurity.com/media/lib/6889_camera-hanh-trinh-vietmap-r4a-tot.jpg\" alt=\"Camera hành trình VIETMAP R4A \"></p><p><strong>CAMERA HÀNH TRÌNH VIETMAP R4A - CẢNH BÁO BIỂN GIAO THÔNG BẰNG GIỌNG NÓI</strong></p><p><i><strong>Camera giám sát hành trình</strong>&nbsp;</i>VIETMAP R4A với công nghệ AI tự động nhận diện biển báo tốc độ kết hợp dữ liệu cảnh báo thông tin giao thông bằng giọng nói trên toàn quốc của VIETMAP:</p><p>- Cảnh báo biển báo giới hạn tốc độ trên từng cung đường.</p><p>- Cảnh báo vào và ra khỏi khu dân cư.</p><p>- Cảnh báo biển báo cấm vượt/ hết cấm vượt.</p><p>- Báo khu vực có camera giao thông.</p><p>- Cảnh báo khu vực thường xuyên kiểm tra tốc độ.</p><p>( Và một số thông tin cảnh báo giao thông quan trọng khác)</p><p>Dữ liệu thông tin biển báo giao thông được VIETMAP thu thập và cập nhật thường xuyên</p><p><img src=\"https://viethansecurity.com/media/lib/6889_camera-hanh-trinh-vietmap-r4a-ben.jpg\" alt=\"Camera hành trình VIETMAP R4A \"></p>'),
(58, 'Camera hành trình online trực tuyến VietMap VM200 Sim Data 3G, quản lý xe trực tuyến, ghi hình trước & trong xe', '+ Ghi hình Full HD rõ nét Trước và Trong xe.\r\n+ Hỗ trợ SIM dữ liệu DATA 3G\r\n+ Hỗ trợ WIFI HOTSPOT\r\n+ Hỗ trợ quản lý xe trực tuyến\r\n+ Hỗ trợ định vị xe trực tuyến\r\n+ Hỗ trợ truyền hình trực tiếp video từ xa\r\n+ Hỗ trợ dữ liệu lịch sử hành trình xe', '4890000', 100, 14, '<h2><strong>Camera hành trình online trực tuyến VietMap VM200 Sim Data 3G, quản lý xe trực tuyến, ghi hình trước &amp; trong xe</strong></h2><p>Hiểu được nhu cầu an toàn của những đơn vị đang thực hiện dịch vụ&nbsp;cho thuê xe tự lái - có lái, hay những bác tài xế chuyên lái xe đường dài. Hãng Vietmap đã cho ra đời dòng <i>camera hành trình online trực tuyến VietMap VM200 Sim Data 3G, quản lý xe trực tuyến, ghi hình trước &amp; trong xe</i> hỗ trợ lái xe an toàn nhất trên mọi cung đường.</p><p>VietMap&nbsp;là thương hiệu lớn nhất tại thị trường Việt Nam về <i><strong>camera hành trình và thiết bị dẫn đường</strong></i>. Các sản phẩm của Vietmap luôn có chất lượng cao hơn những sản phẩm cùng loại trên thị trường mà giá cả lại rất cạnh tranh. Đặc biệt VietMap có rất nhiều sản phẩm phù hợp cho từng đối tượng khách hàng khác nhau. Ở mỗi dòng sản phẩm Vietmap đều chăm chút cho từng chi tiết nhỏ nhất để các sản phẩm tới tay người tiêu dùng phải là sản phẩm có công nghệ tốt nhất và ít lỗi nhất.</p><h3><strong>1. Ưu điểm của&nbsp;camera hành trình online trực tuyến VietMap VM200:</strong></h3><p>- Ghi hình cùng lúc Trước &amp; Trong xe.<br>- Hỗ trợ quan sát Trước &amp; Trong xe từ xa<br>- Hỗ trợ ghi hình / chụp ảnh Trước &amp; Trong xe từ xa<br>- Hệ thống định vị xe trực tuyến.<br>- Hệ thống quản lý xe trực tuyến.<br>- Hệ thống dữ liệu hành trình xe.</p><h3><strong>2. Thông số kỹ thuật và tính năng của&nbsp;camera hành trình online trực tuyến VietMap VM200:</strong></h3><p><strong>Hệ thống camera giám sát hành trình trực tuyến VietMap VM200:</strong></p><p><img src=\"https://viethansecurity.com/media/lib/27-07-2021/bo-vietmap-vm200.jpg\" alt=\"Bộ VietMap VM200 (Hệ thống camera hành trình giám sát trực tuyến TRƯỚC VÀ TRONG XE )\"></p><p><strong>Trước &amp; Trong xe đối với&nbsp;camera hành trình online trực tuyến VietMap VM200</strong></p><p>+&nbsp;Camera hành trình online trực tuyến VietMap&nbsp;<a href=\"https://viethansecurity.com/camera-hanh-trinh-online-truc-tuyen-vietmap-vm200-sim-data-3g-quan-ly-xe-truc-tuyen-ghi-hinh-truoc-trong-xe.html\"><strong>VM200</strong></a> được trang bị ống kính F2.0 với độ phân giải Full HD 1080p, <i><strong>camera hành trình 1080p full hd</strong></i> cho phép bạn ghi lại toàn cảnh hành trình trước xe rõ nét. Thiết bị đồng thời tích hợp camera hồng ngoại phía trong hỗ trợ chụp ảnh - ghi hình trong xe cùng lúc.</p><p><img src=\"https://viethansecurity.com/media/lib/27-07-2021/bo-vietmap-vm200-uu-dai.jpg\" alt=\"Bộ VietMap VM200 (Hệ thống camera hành trình giám sát trực tuyến TRƯỚC VÀ TRONG XE )\"></p><p><a href=\"https://viethansecurity.com/camera-hanh-trinh-xe-vietmap.html\"><strong>Camera hành trình VIETMAP</strong></a><strong>&nbsp;VM200 trang bị khe SIM Data 3G.</strong></p><p>+ Hỗ trợ lướt Web, nghe nhạc, giải trí trực tuyến, phát WIFI kết nối di động tốc độ cao.</p><p><img src=\"https://viethansecurity.com/media/lib/27-07-2021/bo-vietmap-vm200-re.jpg\" alt=\"Bộ VietMap VM200 (Hệ thống camera hành trình giám sát trực tuyến TRƯỚC VÀ TRONG XE )\"></p><p><strong>Ứng dụng VIETMAP iCAM quản lý xe thông minh:</strong></p><p>- Định vị xe trực tuyến</p><p>- Theo dõi vị trí xe</p><p>- Ra lệnh chụp hình từ xa</p><p>- Ra lệnh ghi hình từ xa</p><p>- Truyền hình trực tiếp video từ xa</p><p>- Thiết lập phạm vi di chuyển</p><p><strong>Truyền hình trực tiếp Video với&nbsp;</strong><a href=\"https://viethansecurity.com/camera-hanh-trinh.html\"><strong>camera hành trình</strong></a><strong> online trực tuyến VietMap VM200 Sim Data 3G</strong></p><p>+ Ứng dụng VIETMAP iCAM hỗ trợ tính năng truyền hình trực tiếp Video. Hỗ trợ xem, theo dõi, giám sát, quản lý xe từ xa trên ứng dụng và máy tính.</p><p><strong>Hệ thống cảnh báo thông minh&nbsp;camera hành trình chính hãng</strong><br>&nbsp;</p><p>+ Ứng dụng VIETMAP iCAM hỗ trợ cảnh báo thông minh. Ứng dụng tự động cảnh báo khi có tác động vào xe.</p><p><strong>Mua camera hành trình online trực tuyến VietMap VM200 ở đâu? Giá&nbsp;camera hành trình vietmap&nbsp;VM200 bao nhiêu? Nếu như bạn đang còn những băn khoăn về giá sản phẩm hay địa chỉ mua&nbsp;camera hành trình&nbsp;cho xế yêu của mình thì Việt Hàn Security sẽ là địa chỉ đáng tin cậy đển bạn lựa chọn. Với hơn 10 năm kinh nghiệm trong lĩnh vực cung cấp camera quan sát chúng tôi luôn tự tin về chất lượng sản phẩm khi đến tay người tiêu dùng cũng như chính sách bán hàng và hậu mãi.</strong><br>&nbsp;</p>');
INSERT INTO `hanghoa` (`MSHH`, `TenHH`, `QuyCach`, `Gia`, `SoLuongHang`, `MaLoaiHang`, `MoTaChiTiet`) VALUES
(59, 'Camera hành trình Vietmap PAPAGO GoSafe 790 vừa dẫn đường vừa ghi hình 2 kênh Super HD 2K/1080P, Màn hình 4.5 inch, tích hợp gương chiếu hậu, cảnh báo thông minh', 'Bộ bao gồm :  Máy GoSafe 790m, Ăng-ten GPS, Sạc nguồn ô tô, Sách HDSD\r\n- Cộng thêm nhân công nếu có lắp đặt', '3001000', 100, 14, '<h2><strong>Camera hành trình Vietmap PAPAGO GoSafe 790&nbsp;gương chiếu hậu cảnh báo thông minh&nbsp;</strong></h2><p>Mới đây nhất, Vietmap đã cho ra đời dòng sản phẩm<strong> camera hành trình</strong>&nbsp;gương Gosafe Vietmap 790. Sản phẩm được đánh giá rất cao về độ bền cũng như các tính năng vô cùng thú vị hứa hẹn sẽ làm hài lòng cả những khách hàng khó tính nhất. Hãy cùng với Việt Hàn chúng tôi tìm hiểu về dòng sản phẩm siêu bền, siêu thông minh này nhé.</p><p><img src=\"https://viethansecurity.com/media/lib/4208_thong-so-camera-vietmap-safe-790.jpg\" alt=\"thông số camera vietmap safe 790\"></p><p><strong>Thông số kỹ thuật </strong><a href=\"https://viethansecurity.com/camera-hanh-trinh-xe-vietmap.html\"><strong>Camera hành trình Vietmap</strong></a><strong>&nbsp;PAPAGO GoSafe 790</strong></p><p><strong>-&nbsp;GoSafe 790</strong>&nbsp;với thiết kế hiện đại 2 trong 1 vừa ghi hình hành trình, vừa gương chiếu hậu, đảm bảo tính hiện đại, sang trọng của nội thất xe, không làm choáng tầm nhìn của tài xế</p><p><img src=\"https://viethansecurity.com/media/lib/4208_gosafe-790-thiet-ke-hien-dai-guong-chieu-hau.jpg\" alt=\"Camera gosafe 790 thiết kế hiện đại gương chiếu hậu\"></p><h3>Cảnh báo thông tin giao thông bằng giọng nói</h3><p><strong>- VIETMAP PAPAGO GoSafe 790</strong>&nbsp;với tính năng&nbsp;<strong>cảnh báo thông tin giao thông</strong>&nbsp;<strong>bằng giọng nói</strong></p><ul><li>Cảnh báo biển báo tốc độ giới hạn.</li><li>Báo khu vực có camera giao thông.</li><li>Cảnh báo ra / vào khu vực động dân cư.</li><li>Cảnh báo ra / vào khu vực cấm vượt.</li><li>Dữ liệu thông tin giao thông được&nbsp;<strong>VIETMAP</strong>&nbsp;thu thập và cập nhật thường xuyên.</li></ul><p><img src=\"https://viethansecurity.com/media/lib/4208_canh-bao-thong-minh-vietmap-safe-790.jpg\" alt=\"cảnh báo thông minh vietmap safe 790\"></p><p><strong>Màn hình 4.5 inches</strong></p><p><strong>- PAPAGO GoSafe 790</strong>&nbsp;có màn hình rộng&nbsp;<strong>4.5 inches</strong>&nbsp;kết hợp công nghệ màn hình tinh thể lỏng hiển thị siêu nét, chống chóa sáng giúp tương tác, sử dụng, xem lại video trực tiếp trên màn hình camera dễ dàng</p><p><img src=\"https://viethansecurity.com/media/lib/4208_man-hinh-camera-vietma-4.5-inch.jpg\" alt=\"màn hình camera vietmap 4.5 inch\"></p><p><strong>Ghi hình SUPER HD 2K với thông tin GPS</strong></p><p><strong>Camera hành trình Vietmap PAPAGO GoSafe 790</strong>&nbsp;ghi hình sắc nét với độ phân giải cao&nbsp;<strong>SUPER HD 2K</strong>, ghi hình kèm với thông tin tốc độ, tọa độ. Có thể xem lại vdeo trực tiếp trên màn hình thiết bị</p><p><img src=\"https://viethansecurity.com/media/lib/4208_ghi-hinh-super-hd-2k-safe-790.jpg\" alt=\"ghi hình super hd 2k safe 790\"></p><p><strong>Kết nối camera sau PAPAGO Sony Sensor S1&nbsp;</strong></p><p><strong>Camera hành trình oto Vietmap</strong>&nbsp;<strong>GoSafe 790</strong>&nbsp;có thể kết nối với camera sau&nbsp;<strong>Sony Sensor S1</strong>&nbsp;( không kèm theo sản phẩm). Camera sau ghi hình Full HD, trang bị công nghệ chống thấm nước độc đáo, đồng thời hỗ trợ làm camera lùi.</p><p><img src=\"https://viethansecurity.com/media/lib/4208_ket-noi-camera-sau-1080p-camera-vietmap.jpg\" alt=\"camera vietmap kết nối camera sau 1080P\"></p><p><strong>Kết nối cảm biến áp suất lốp (TPMS)</strong></p><p><strong>- Camera Vietmap PAPAGO GoSafe 790</strong>&nbsp;có thể kết nối với thiết bị cảm biến áp suất lốp TPMS PAPAGO!&nbsp;<strong>TireSafe D10E</strong>&nbsp;(không kèm theo sản phẩm) để thể hiện thông tin áp suất, nhiệt độ lốp xe lên màn hình, máy sẽ cảnh báo nếu áp suất và nhiệt độ của lốp quá cao hoặc quá thấp so với giá trị chuẩn đã cài đặt. Áp suất lốp đúng tiêu chuẩn sẽ giúp bạn lái xe an toàn hơn</p><p><img src=\"https://viethansecurity.com/media/lib/4208_camera-papago-cam-bien-ap-suat.jpg\" alt=\"camera papago cảm biến áp suất\"></p><h3><strong>Tính năng độc đáo trên Camera Vietmap PAPAGO Gosafe 790</strong></h3><p>&nbsp;-&nbsp;<strong>GoSafe 790</strong>&nbsp;bao gồm các tính năng độc đáo mà không loại&nbsp;<a href=\"https://viethansecurity.com/camera-hanh-trinh.html\">camera hành trình</a> nào trên thị trường có được :</p><p><i><strong>+</strong> <strong>Cảnh báo tốc độ giới hạn</strong></i></p><p><img src=\"https://viethansecurity.com/media/lib/4208_canh-bao-gioi-han-toc-do-vietmap.jpg\" alt=\"Camera vietmap GoSafe 790 cảnh báo giới hạn tốc độ \"></p><p><i><strong>+ Cảnh báo xe di chuyển</strong></i></p><p><img src=\"https://viethansecurity.com/media/lib/4208_tinh-nang-bao-xe-di-chuyen.jpg\" alt=\"Camera vietmap GoSafe 790 tính năng báo xe di chuyển\"></p><p><i><strong>+ Cảnh báo bật đèn xe</strong></i></p><p><img src=\"https://viethansecurity.com/media/lib/4208_canh-bao-bat-den-camera-vietmap-790.jpg\" alt=\"Camera vietmap GoSafe 790 cảnh báo bật đèn \"></p><p><i><strong>+ Cảnh báo tài xế nghỉ ngơi</strong></i></p><p><img src=\"https://viethansecurity.com/media/lib/4208_canh-bao-nghi-ngoi-safe790.jpg\" alt=\"Camera vietmap GoSafe 790 cảnh báo nghỉ ngơi \"></p><p><i><strong>+ Cảnh báo làn đường</strong></i></p><p><img src=\"https://viethansecurity.com/media/lib/4208_canh-bao-lan-duong-vietmap-790.jpg\" alt=\"Camera vietmap GoSafe 790 cảnh báo làn đường \"></p><p><i><strong>+ Cảnh báo vật cản phía trước</strong></i></p><p><img src=\"https://viethansecurity.com/media/lib/4208_canh-bao-vat-can-phia-truoc-vietmap.jpg\" alt=\"Camera vietmap GoSafe 790 cảnh báo vật cản phía trước \"></p><p><strong>Video ghi hình thực tế Camera Vietmap PAPAGO GoSafe790</strong></p><p>&nbsp;</p><p>-&nbsp;<strong>Camera hành trình màn hình gương&nbsp;</strong><a href=\"https://viethansecurity.com/camera-hanh-trinh-vietmap-papago-gosafe-790-vua-dan-duong-vua-ghi-hinh-2-kenh-super-hd-2k1080p-man-hinh-45-inch-cam-ung-tich-hop-guong-chieu-hau-canh-bao-thong-minh.html\"><strong>VIETMAP PAPAGO GOSAFE 790</strong></a><strong>&nbsp;</strong>ghi hình rõ nét&nbsp;với độ phân giải <i><strong>SUPER HD 2K&nbsp;</strong></i>chất lượng cao siêu rõ nét.<br><strong>GoSafe 790</strong> được tích hợp dữ liệu giao thông độc quyền&nbsp;từ VIETMAP hỗ trợ lái xe, cảnh báo thông tin giao thông:</p><ul><li>Cảnh báo tốc độ giới hạn</li><li>Cảnh báo ra / vào khu vực cấm vượt</li><li>Cảnh báo ra / vào khu vực động dân cư</li><li>Cảnh báo khu vực đông dân cư</li></ul><p><img src=\"https://viethansecurity.com/media/product/4208_hop_full_gosafe_790.jpg\" alt=\"hộp full gosafe 790\"></p><p><i><strong>(Hộp Camera hành trình Vietmap PAPAGO GoSafe 790)</strong></i></p><p><img src=\"https://viethansecurity.com/media/product/4208_phu_kien_camera_guong_gosafe.jpg\" alt=\"phụ kiện camera gương gosafe\"></p><p><i><strong>(Mở hộp Camera Vietmap Safe 790)</strong></i></p><p><img src=\"https://viethansecurity.com/media/product/4208_camera_guong_chieu_hau_gosage790_mat_truoc.jpg\" alt=\"camera gương chiếu hậu gosafe790 mặt trước\"></p><p><i><strong>(Mặt trước Camera gương chiếu hậu GoSafe 790)</strong></i></p><p>Sản phẩm&nbsp;<strong>camera Vietmap</strong>&nbsp;do Việt Hàn Security phân phối là<strong>&nbsp;sản phẩm chính hãng 100%</strong>&nbsp;bảo hành được tại trung tâm chính hãng do Vietmap ủy quyền.</p><p><strong>Cam kết hoàn tiền 200% nếu sản phẩm Vietmap mua tại&nbsp;</strong><a href=\"https://viethansecurity.com/\"><strong>Việt Hàn Security</strong></a><strong> không chính hãng</strong></p>'),
(60, 'Camera hành trình EZVIZ S3 độ phân giải: 4K/24fps, 1080P/50fps Màn hình cảm ứng IPS LCD', 'Độ phân giải: 4K/24fps, 1080P/50fps, 720P/120fps\r\nMàn hình cảm ứng IPS LCD\r\nGóc quan sát rộng 150° với thuật toán hiệu chỉnh cong ảnh\r\nChụp ảnh 8MP\r\nHỗ trợ chụp ảnh liên tục 15 hình/s\r\nTự động điều chỉnh tốc độ khung hình để đảm bảo ánh sáng', '2400000', 100, 14, '<h2><strong>Camera hành trình&nbsp;EZVIZ S3</strong></h2><p><strong>Camera&nbsp;hành trình ô tô EZVIZ</strong> S3 có độ phân giải 4K với tính năng HDR, Tích hợp khe cắm thẻ nhớ đến 526GB, Hỗ trợ kết nối Wifi – Bluetooth, Bộ xử lý hình ảnh A12 cho hình ảnh chân thật nhất. Tích hợp cảm biến chạm LCD 2 inch, Tiêu chuẩn ngoài trời IP66. Pin sạc dung lượng: 1160mAh, Thời gian sử dụng liên tục 2 giờ.&nbsp;</p><h3><strong>Tính năng camera hành trình EZVIZ S3</strong></h3><ul><li>Độ phân giải: 4K/24fps, 1080P/50fps, 720P/120fps</li><li>Màn hình cảm ứng IPS LCD</li><li>Góc quan sát rộng 150° với thuật toán hiệu chỉnh cong ảnh</li><li>Chụp ảnh 8MP</li><li>Hỗ trợ chụp ảnh liên tục 15 hình/s</li><li>Hỗ trợ thẻ nhớ microSD lên đến 256GB</li><li>Tự động điều chỉnh tốc độ khung hình để đảm bảo ánh sáng</li><li>Hỗ trợ Micro và loa ngoài</li><li>Hỗ trợ cổng HDMI</li><li>Hỗ trợ kết nối ứng dụng EZVIZ mobile app qua Bluetooth 4.0, Wifi</li><li>Hỗ trợ HDR</li></ul><p><img src=\"https://viethansecurity.com/media/lib/4198_CameraanhtrinhEZVIZS3dophangiai4k.jpg\" alt=\"camera hành trình EZVIZ S3 có độ phân giải 4k\"></p><p><i><strong>EZVIZ S3 Action Camera</strong> với khả năng ghi hình 4K</i></p><p><img src=\"https://viethansecurity.com/media/lib/4198_CameraanhtrinhEZVIZS3dophangiai4k2.jpg\" alt=\"camera hành trình EZVIZ S3 ghi lại video 4k\"></p><p><strong>Camera EZVIZ S3 </strong>có tốc độ ghi hình đáng kinh ngạc với 24fps</p><p><img src=\"https://viethansecurity.com/media/lib/4198_CameraanhtrinhEZVIZS3gocquansan150do.jpg\" alt=\"camera hành trình EZVIZ S3 có góc quan sát 150 độ\"></p><p>Góc quan sát rộng 150°</p><p><img src=\"https://viethansecurity.com/media/lib/4198_CameraanhtrinhEZVIZS3hieuchinhconghinhanh.jpg\" alt=\"camera hành trình EZVIZ S3 hiệu chỉnh cong ảnh\"></p><p><a href=\"https://viethansecurity.com/camera-hanh-trinh-ezviz.html\"><strong>Camera hành trình EZVIZ</strong></a>&nbsp;S3&nbsp;với thuật toán hiệu chỉnh cong ảnh</p><p><img src=\"https://viethansecurity.com/media/lib/4198_CameraanhtrinhEZVIZS3tudieuchinhkhithieusang.jpg\" alt=\"Camera hành trình EZVIZ S3 tự điều chỉnh khi thiếu ánh sáng\"></p><p><i>Tự động điều chỉnh tốc độ khung hình để đảm bảo ánh sáng</i></p><p><img src=\"https://viethansecurity.com/media/lib/4198_CameraanhtrinhEZVIZS3congngheWDR.jpg\" alt=\"Camera hành trình EZVIZ S3 trang bị công nghệ WDR\"></p><p><i>EZVIZ S3</i> được trang bị công nghệ WDR cho hình ảnh ban đêm tuyệt đẹp</p><p><img src=\"https://viethansecurity.com/media/lib/4198_CameraanhtrinhEZVIZS3hotrothenho256GB.jpg\" alt=\"Camera hành trình EZVIZ S3 hỗ trợ thẻ nhớ MicroSD lên tới 256GB\"></p><p>Hỗ trợ thẻ nhớ MicroSD lên tới 256GB</p><p><img src=\"https://viethansecurity.com/media/lib/4198_CameraanhtrinhEZVIZS3manhinhcamung.jpg\" alt=\"Camera hành trình EZVIZ S3 với màn hình cảm ứng IPS\"></p><p>EZVIZ S3 với màn hình cảm ứng IPS 320x240</p><p><img src=\"https://viethansecurity.com/media/lib/4198_CameraanhtrinhEZVIZS3dieukhienquaappdienthoai.jpg\" alt=\"Camera hành trình EZVIZ S3 điều khiển qua app điện thoại\"></p><p>EZVIZ S3 hỗ trợ kết nối ứng dụng EZVIZ mobile app qua Bluetooth 4.0, Wifi</p><p><img src=\"https://viethansecurity.com/media/lib/4198_CameraanhtrinhEZVIZS3sudungtienloi.jpg\" alt=\"Camera hành trình EZVIZ S3 sử dụng tiện lợi\"></p>'),
(61, 'Camera quan sát analog HD Hikvision DS-2CE16D3T-I3P (HD-TVI, 2 MP, hồng ngoại 20 m)', '- Camera 2 MP\r\n- Ultra low light 0.005 Lux@(F1.2, AGC ON), 0 Lux with IR\r\n- Độ phân giải 1920 × 1080\r\n- Ống kính 3.6 mm (tùy chọn 2.8mm, 6 mm)\r\n- Hồng ngoại thông minh 20 m\r\n- Hỗ trợ OSD menu, 3D DNR\r\n- Chống ngược sáng thực 120 dB true WDR\r\n- IP67\r\n- Vỏ ', '660000', 100, 13, '<h2><strong>Camera quan sát analog HD Hikvision DS-2CE16D3T-I3P (HD-TVI, 2 MP, hồng ngoại 20 m)</strong></h2><h3>1. Ưu điểm:</h3><ul><li>Độ phân giải cao cho hình ảnh sắc nét</li><li>Chức năng chống ngược sáng ưu việt</li><li>Thiết kế nhỏ gọn, dễ dàng lắp đặt</li></ul><h3>2. Thông số kỹ thuật và tính năng:</h3><p><a href=\"https://viethansecurity.com/camera-quan-sat.html\">Camera quan sát</a>&nbsp;Hikvision hồng ngoại 2Mp DS-2CE16D3T-I3P&nbsp; là sản phẩm camera thân trụ có độ phân giải hình ảnh Full HD 2Mp độ nét cao, hỗ trợ menu OSD cho phép chỉnh thông số của riêng camera một cách dễ dàng. Sử dụng ống kính cố định 2.8mm cho góc quan sát cố định ở mọi môi trường lắp đặt.</p><p><img src=\"https://viethansecurity.com/media/lib/4005_camera-hikvision-ds-2ce16d3t-i3p-chinh-hang.jpg\" alt=\"Camera Hikvision DS-2CE16D3T-I3P\"></p><p><strong>Tính năng camera Hikvision DS-2CE16D3T-I3P</strong></p><p>- Độ phân giải camera: 2.0 Megapixel.</p><p>- Ống kính: 3.6 mm (tùy chọn 2.8mm, 6 mm).</p><p>- Độ nhạy sáng: Ultra low light 0.005 Lux@(F1.2, AGC ON), 0 Lux with IR.</p><p>- Tầm quan sát hồng ngoại: 20 mét.</p><p>- Chức năng quan sát ngày đêm ICR.</p><p>- Chức năng giảm nhiễu số 3D-DNR.</p><p>- Chức năng chống ngược sáng thực WDR 120dB.</p><p>- Tiêu chuẩn chống bụi và nước: IP67 (thích hợp sử dụng trong nhà và ngoài trời).</p><p>Camera Hikvision DS-2CE16D3T-I3P hỗ trợ 4 chuẩn tín hiệu TVI/AHD/CVI/CVBS ( Có nút bấm để chuyển ), sử dụng hồng ngoại EXIR sử dụng công nghệ lớp Nano ( hai lớp bề mặt phát quang ), nâng cao sức mạnh phát sáng, hiệu suất chuyển đổi quang điện được cải thiện 10% và tính đồng đều cao, gần như không có bóng tối. Tiêu chuẩn bảo vệ ngoài trời IP67 đảm bảo cho camera hoạt động được ở môi trường ngâm nước, bảo vệ hoàn toàn khỏi bui bẩn.</p><p><img src=\"https://viethansecurity.com/media/lib/4005_camera-hikvision-ds-2ce16d3t-i3p-gia-tot.jpg\" alt=\"Camera quan sát analog HD Hikvision DS-2CE16D3T-I3P\"></p><p><a href=\"https://viethansecurity.com/camera-analog-hd.html\"><strong>Camera quan sát analog HD</strong></a>&nbsp;Hikvision DS-2CE16D3T-I3P trang bị chức năng chống ngược sáng thực True WDR 120dB giúp chúng ta lắp đặt dễ dàng ở mọi vị trí mà không sợ bị ngược sáng, hình ảnh trong rõ và sáng hơn nhiều so với các camera thông thường khác ( Đối với camera mới thường chưa kích hoạt chống ngược sáng, vào menu camera để kích hoạt tính năng chống ngược sáng để sử dụng cho hình ảnh đẹp nhất ).</p><p>HIKVISION DS-2CE16D3T-I3P công nghệ HDTVI truyền hình ảnh HD với khoảng cách rất xa 300-500m, dễ dàng cài đặt không bị giật hình, không bị độ trễ so với camera IP, hơn hẳn công nghệ HD-SDI về tốc độ truyền, công ngệ HDTVI là công nghệ analog sau cùng cho hình ảnh sắc nét rất trong và mịn tốt nhất dòng analog.</p><p>Camera hdtvi hikvision&nbsp;<a href=\"https://viethansecurity.com/camera-hikvision-ds-2ce16d3t-i3pf-20-megapixel-ir-20m-f36mm-chong-nguoc-sang-ultra-lowlight-vo-nhua-camera-4-in-1.html\">DS-2CE16D3T-I3P</a> thân hồng ngoại 20m, hình ảnh Full HD 1080P siêu nét, tích hợp công nghệ chống ngược sáng thực, công nghệ Ultra Low Light chuyên dụng ban đêm là công nghệ cao cấp nhất hiện nay. Màu trắng hình thức trang nhã dễ lắp đặt và điều chỉnh, hình dạng nhỏ gọn thích hợp sử dụng lắp đặt camera quan sát cho văn phòng công ty,camera cho shop thời trang quần áo, camera cho quán café…Sản phẩm chất lượng siêu nét đảm bảo hài lòng khách hàng khó tính nhất.</p><p><br>&nbsp;</p>'),
(62, 'Đầu ghi hình IP DAHUA DHI-NVR1104HS-S3-H ( Hỗ trợ 1 ổ cứng )', '- Đầu ghi hình 4 kênh camera IP.\r\n- Chuẩn nén hình ảnh H.265+ với hai luồng dữ liệu.\r\n- Hỗ trợ hiển thị 1CH 6M và 4CH 1080P.\r\n- Băng thông đầu vào max 40Mpb.', '2000000', 100, 15, '<h2><strong>Đầu ghi hình IP DAHUA DHI-NVR1104HS-S3-H ( Hỗ trợ 1 ổ cứng )</strong></h2><h3><strong>1. Ưu điểm:</strong></h3><ul><li>Thiết kế hiện đại</li><li>Dễ dàng sử dụng</li><li>Bảo vệ dữ liệu cho người tiêu dùng</li></ul><h3><strong>2. Tính năng và thông số kỹ thuật:</strong></h3><ul><li>Đầu ghi hình 4 kênh camera IP.</li><li>Chuẩn nén hình ảnh H.265+ với hai luồng dữ liệu.</li><li>Hỗ trợ hiển thị 1CH 6M và 4CH 1080P.</li><li>Băng thông đầu vào tối đa&nbsp;<a href=\"https://viethansecurity.com/dau-ghi-hinh.html\">đầu ghi hình</a> 40Mpb.</li><li>Hỗ trợ lên đến camera 6MP.</li><li>Hỗ trợ kết nối nhiều thương hiệu camera với chuẩn tương thích Onvif 2.4</li><li>&nbsp;Hỗ trợ 1 ổ cứng 4TB.</li><li>2 usd 2.0, 1 cổng RJ4(10/100M), 1 cổng audio vào ra hỗ trợ đàm thoại 2 chiều.</li><li>Hỗ trợ điều khiển quay quét thông minh với giao thức dahua giúp đầu ghi&nbsp;<a href=\"https://viethansecurity.com/dau-ghi-hinh-ip-dahua-dhi-nvr1104hs-s3-dss.html\">DHI-NVR1104HS-S3-H</a> &nbsp;hỗ trợ xem lại và trực tiếp qua mạng máy tính, thiết bị di động và cấu hình thông minh qua P2P.</li><li>Quản lý đồng thời 128 tài khoản kết nối vào&nbsp;<a href=\"https://viethansecurity.com/dau-ghi-ip-dahua.html\">đầu ghi&nbsp;ip Dahua&nbsp;</a></li><li>Chất liệu kim loại.</li><li>Nguồn : DC12V 2A</li><li>Nhiệt độ hoạt động : -10°C ~ +55°C.<img src=\"https://viethansecurity.com/media/lib/5886_dau-ghi-hinh-ip-dahua-dhi-nvr1104hs-s3-dss-chinh-hang.jpg\" alt=\"Đầu ghi hình IP DAHUA DHI-NVR1104HS-S3-DSS chính hãng\"></li></ul><h3><strong>3. Cam kết từ&nbsp;Công ty TNHH giải pháp công nghệ Việt Hàn</strong><br>&nbsp;</h3><ul><li>Chỉ bán hàng chính hãng từ các thương hiệu uy tín với giá tốt nhất thị trường Hà Nội và Sài Gòn, hàng mới full box.</li><li>Nhân viên chuyên nghiệp, giàu kinh nghiệm sẵn sàng tư vấn để khách hàng chọn mua được những sản phẩm chất lượng tốt nhất.</li><li>Đặc biệt khách hàng được giao hàng tận nơi, xem hàng thanh toán, không mua không sao.</li></ul>'),
(63, 'Đầu ghi IP HIKVISION DS-7104NI-Q1/4P HD 4MP, 1 Sata, HDMI, VGA, Hik-connect, 4 cổng PoE', 'Hỗ trợ kết nối camera IP lên đến 4MP\r\nỔ cứng: 1 SATA HDD (Upto 6TB)\r\nTính năng thông minh: Vượt hàng rào ảo, xâm nhập vùng cấm, tìm kiếm và xem lại thông minh.\r\nHỗ trợ: 4 cổng cấp nguồn PoE\r\nMiễn phí 1 host chính hãng trọn đời sản phẩm.', '2620000', 100, 15, '<h2><strong>Đầu ghi hình IP HIKVISION DS-7104NI-Q1/4P HD&nbsp;4MP</strong></h2><p>Đầu ghi Hikvision DS-7104NI-Q1/4P là <strong>đầu ghi hình 4 kênh</strong> có cổng PoE, thiết kế vỏ nhựa phiên bản mới. Đầu ghi hình Hikvision IP DS-7104NI-Q1/4P có độ phân giải ghi hình tối đa lên tới 4Mp, hỗ trợ xem lại đồng thời 4 kênh, hỗ trợ 1 ổ cứng dung lượng 6TB chất lượng, có tính ổn định cao, cho chất lượng hình ảnh sắc nét.</p><ul><li>Đầu ghi hình IP HIKVISION DS7104NIQ1/4P kết nối ghi hình 4 camera IP</li><li>Độ phân giải xem hình Full HD 1080P ở tất cả các kênh</li><li>Hỗ trợ 4 cổng cấp nguồn PoE</li><li>HDD: 1 ổ cứng SATA tối đa 6TB</li><li>Hỗ trợ kết nối camera IP lên đến 4MP</li><li>Hỗ trợ chuẩn mã hóa H.265+/H.265 giúp giảm dung lượng và chi phí lưu trữ</li><li>Cổng HDMI/VGA xuất hình Full HD 1080P</li><li>Hỗ trợ 1 ổ cứng SATA</li><li>Cổng mạng 100 Mbps</li><li>Băng thông đầu vào: 40Mbps</li><li>Băng thông đầu ra: 60Mbps</li><li>Phần mềm quản lý HikConnect miễn phí.</li><li>Tính năng cảnh báo thông minh: Vượt hàng rào ảo, xâm nhập vùng cấm, tìm kiếm và xem lại thông minh.</li></ul><p><img src=\"https://viethansecurity.com/media/lib/3733_dau-ghi-ip-hikvision-ds-7104ni-q14p.jpg\" alt=\"Đầu ghi hình IP HIKVISION DS-7104NI-Q1/4P HD 4MP\"></p><p><a href=\"https://viethansecurity.com/dau-ghi-ip-hikvision.html\"><strong>Đầu ghi camera ip&nbsp;HIKVISION</strong></a><strong>&nbsp;DS-7104NI-Q1/4P&nbsp;</strong>hỗ trợ xem nhiều điện thoại di động khác nhau</p><p><img src=\"https://viethansecurity.com/media/lib/3733_Dau-ghi-hinh-HIKVISION-DS-7104NI-Q1-4P-xem-tren-dt.jpg\" alt=\"Đầu ghi hình IP HIKVISION DS-7104NI-Q1/4P xem trên đt\"></p><p>Xem camera&nbsp;online qua điện thoại di động hỗ trợ hết tất cả các dòng điện thoại chạy hệ điều hành khác nhau&nbsp;<strong>IPhone, IPad, Android, Windows phone 7&nbsp;</strong>bằng phần mềm<strong>&nbsp;IVMS-4500 hoặc&nbsp;Hik-Connect</strong></p><p><strong>Đầu ghi hình&nbsp;HIKVISION DS-7104NI-Q1/4P&nbsp;hỗ trợ&nbsp;xem camera trên nhiều trình duyệt web và hệ&nbsp;điều hành trên máy tính khác nhau.</strong></p><p><img src=\"https://viethansecurity.com/media/lib/3733_Dau-ghi-hinh-HIKVISION-DS-7104NI-Q1-4P-xem-tren-web.jpg\" alt=\"Đầu ghi hình IP HIKVISION DS-7104NI-Q1/4P xem trên website\"></p><p>- Quản lý Web: Internet Explorer, Mozilla FireFox, CMS software, xem đồng thời tất cả các camera</p><p>- Hỗ trợ&nbsp;đầy&nbsp;đủ tất cả các tính năng</p><p><strong>Đầu ghi hình IP HIKVISION DS-7104NI-Q1/4P&nbsp;</strong>Sản phẩm&nbsp;đầu ghi hình cao cấp HD hỗ trợ kết nối camera IP&nbsp;4CH 4MP, sản phẩm giá rẻ chất lượng tốt nhất thị trường hiện nay cho mọi nhà,&nbsp;đảm bảo hài lòng khách hàng khó tính nhất.</p>'),
(64, 'Đầu ghi hình HDCVI: 16 kênh 1080N + 2 kênh IP Cổng ra: VGA/HDMI Hỗ trợ:  chuẩn Onvif 16.12 có thể kết nối với camera IP hãng khác hỗ trợ Onvif Ổ cứng: HDD 1 SATA x 10TB, 2 USB 2.0 Kết nối 5 in 1: HDCVI / AHD / TVI / IP / Analog', 'Đầu ghi hình HDCVI: 16 kênh 1080N + 2 kênh IP\r\nCổng ra: VGA/HDMI\r\nHỗ trợ:  chuẩn Onvif 16.12 có thể kết nối với camera IP hãng khác hỗ trợ Onvif\r\nỔ cứng: HDD 1 SATA x 10TB, 2 USB 2.0\r\nKết nối 5 in 1: HDCVI / AHD / TVI / IP / Analog', '4136000', 100, 15, '<h2><strong>Đầu ghi hình Dahua XVR4116HS-X</strong></h2><p><strong>Đầu ghi hình Dahua 16 kênh XVR4116HS-X</strong> là đầu thu chất lượng tốt, cho hình ảnh sắc nét, chất lượng cao, mẫu mã thu hút cho khách hàng và dễ dàng chọn sản phẩm với đầu ghi hình hỗ trợ camera HDCVI/Analog/IP/TVI/AHD, chuẩn nén hình ảnh độ phân giải 1080N/720P/690H, có nhiều tính năng ưu việt giúp người tiêu dùng có thể quản lý gia đình và công việc một cách hiệu quả. thương hiệu khác hiện đang có trên thị trường, phù hợp với các dự án vừa và nhỏ lắp cho các công trình như gia đình, văn phòng, shop ...</p><h3>Tính năng cơ bản <a href=\"https://viethansecurity.com/dau-ghi-hdcvi-dahua.html\"><strong>Đầu ghi hình hdcvi Dahua</strong></a><strong>&nbsp;XVR4116HS-X</strong></h3><ul><li>Đầu ghi hình HDCVI 16 kênh HD 1080N + 2 kênh IP hỗ trợ lên đến camera 6MP</li><li>Hỗ trợ kết nối cùng lúc 5 in 1 Camera HDCVI / HDTVI / AHD / Analog / IP (2Mp) dễ dàng nâng cấp từ hệ thống analog cũ và có thể kết nối camera IP từ địa điểm khác giảm chi phí</li><li>Chuẩn nén hình ảnh: H.265 độ phân giải 1080N, 720P, 960H, D1(1-25fps)</li><li>Cổng ra: VGA/HDMI, 2 cổng usd 2.0, 1 cổng mạng RJ45(100)</li><li>Hỗ trợ điều kiển quay quét 3D thông minh với giao thức Dahua</li><li>Hỗ trợ xem lại và trực tiếp qua mạng máy tính, thiết bị di động. Hỗ trợ cấu hình thông minh qua P2P</li><li>Audio : 1 cổng vào 1 cổng ra , hỗ trợ âm thanh 2 chiều</li><li>Hỗ trợ chuẩn Onvif 16.12 có thể kết nối với camera IP hãng khác hỗ trợ Onvif</li><li>Quản lý đồng thời 128 tài khoản kết nối.</li><li>Hỗ trợ tên miền miễn phí trọn đời DahuaDDNS<br>Hỗ trợ 1 SATA ổ cứng tối đa 10TB</li><li>Hỗ trợ truyền tải âm thanh, báo động qua cáp đồng trục</li><li>Hỗ trợ kết nối camera PIR cho hiệu quả báo động chuyển động cao hơn</li><li>Thiết kế nút reset cứng trên mainboard.</li></ul><p><img src=\"https://viethansecurity.com/media/lib/4163_dau-ghi-hinh-dahua-xvr4116hs-x-16-kenh.jpg\" alt=\"Đầu ghi hình Dahua XVR4116HS-X\"></p><p><strong>Đầu ghi hình Dahua XVR4116HS-X&nbsp;hỗ trợ xem nhiều điện thoại di động khác nhau</strong></p><p><img src=\"https://viethansecurity.com/media/lib/4163_Dau-ghi-Dahua-XVR4116HS-X-xem-tren-dien-thoai.jpg\" alt=\"Đầu ghi hình Dahua XVR4116HS-X xem trên đt\"></p><p>- Xem camera&nbsp;online qua điện thoại di động bằng phần mềm <strong>gDMSS</strong> (Android) và <strong>iDMSS</strong> (iPhone)<strong>&nbsp;.&nbsp;</strong></p><p>- Xem lại hình ảnh camera và nghe âm thanh xem lại qua điện thoại di động.&nbsp;Hỗ trợ cấu hình thông minh qua <strong>P2P</strong>.</p><p><strong>Đầu ghi hình&nbsp;Dahua XVR4116HS-X&nbsp;hỗ trợ xem camera trên nhiều trình duyệt web và hệ&nbsp;điều hành trên máy tính khác nhau.</strong></p><p>- Quản lý Web: Internet Explorer, Mozilla FireFox, xem đồng thời tất cả các camera</p><p>- Phần mềm xem <strong>Camera Dahua</strong> trên máy tính:&nbsp;<strong>SmartPSS</strong></p><p>- Hỗ trợ&nbsp;đầy&nbsp;đủ tất cả các tính năng</p><p><img src=\"https://viethansecurity.com/media/lib/4163_Dau-ghi-Dahua-XVR4116HS-X-xem-tren-web.jpg\" alt=\"Đầu ghi hình Dahua XVR4116HS-X xem trên website\"></p>'),
(65, 'Đầu ghi hình HDTVI HILOOK DVR-208G-F1 (8 kênh)', '+ 8 kênh HD-TVI/AHD/CVI/CVBS video & 1-ch audio input,\r\n+ Gán được 2-ch IP video input(up to 10-ch IP)\r\n+ Chuẩn nén H.265 Pro+/H.265 Pro/H.265/H.264+/H.264 giúp tiết kiệm dung lượng HDD.\r\n+ Hỗ trợ 1 cổng Sata lên tới 10TB cho mỗi HDD\r\n+ Hỗ trợ chuẩn HD108', '1640000', 100, 15, '<h2>Đầu ghi hình HDTVI HILOOK&nbsp;DVR-208G-F1 (8 kênh)</h2><h3>1. Ưu điểm:</h3><ul><li>Số lượng kênh đa dạng</li><li>Khả năng lưu trữ cực lớn</li><li>Cho hình ảnh đầu ra sắc nét</li><li>Dễ dàng lắp đặt và sử dụng</li></ul><h3>2. Thông số kỹ thuật và tính năng:</h3><p>+ Đầu ghi hình HiLook&nbsp;DVR-208G-F1 thuộc dòng&nbsp;<a href=\"https://viethansecurity.com/dau-ghi-hinh.html\">đầu ghi hình</a> có kết nối với điện thoại di động của bạn với chức năng quét mã vạch Hikvision Hik-kết nối, mà không có bất kỳ kiến ​​thức kỹ thuật hoặc chuyển tiếp cổng nào. Bao gồm phần mềm xem từ xa iPhone, android, PC và Mac miễn phí.</p><p><img src=\"https://viethansecurity.com/media/lib/5639_dau-ghi-hinh-hdtvi-hilook-dvr-208g-f1-anh-mo-ta.jpg\" alt=\"Đầu ghi hình HDTVI HILOOK DVR-208G-F1 (8 kênh)\"></p><p><strong>Tính năng của Đầu ghi hình ip HiLook DVR-204G-F1</strong></p><ul><li>8 kênh HD-TVI/AHD/CVI/CVBS video &amp; 1-ch audio input,</li><li>Gán được 2-ch IP video input(up to 10-ch IP)</li><li>Chuẩn nén H.265 Pro+/H.265 Pro/H.265/H.264+/H.264 giúp tiết kiệm dung lượng HDD.</li><li>Hỗ trợ 1 cổng Sata lên tới 10TB cho mỗi HDD</li><li>Hỗ trợ chuẩn HD1080p Lite @ 12 fps/ch</li><li><a href=\"https://viethansecurity.com/dau-ghi-hinh-hdtvi.html\">Đầu ghi hình HDTVI</a>&nbsp;có 260 1U case</li><li>Hỗ trợ đầu ra HDMI - HD1080p</li><li>Hỗ trợ đầu ra VGA - HD1080\"</li></ul><p>+&nbsp;<a href=\"https://viethansecurity.com/dau-ghi-hinh-hilook.html\">Đầu ghi hình HiLook</a>&nbsp;DVR-208G-F1 4 trong 1 là định dạng lai mới, cho phép các camera HD-TVI, AHD, HD-CVI và CVBS được kết nối với DVR. Điều này có nghĩa là bạn không còn phải lo lắng về khả năng tương thích định dạng khi thiết lập hoặc cập nhật hệ thống bảo mật camera quan sát - miễn là nó có kết nối BNC và sử dụng cáp đồng trục thì nó sẽ hoạt động.&nbsp;Đầu ghi hình HDTVI&nbsp;Hilook 4 trong 1 hỗ trợ nhiều định dạng Video HD qua cáp đồng trục (RG59).</p><p>Đầu ghi hình HiLook&nbsp;<a href=\"https://viethansecurity.com/dau-ghi-hinh-hdtvi-hilook-dvr-208g-f1.html\">DVR-208G-F1</a> gồm 8 kênh IP, 1 cổng audio với đầu ra chất lượng hình ảnh full HD 1080p với, chuẩn nén H.264+ giúp tiết kiệm ổ cứng.</p><h3><strong>3. Cam kết từ&nbsp;Công ty TNHH giải pháp công nghệ Việt Hàn</strong><br>&nbsp;</h3><ul><li>Chỉ bán hàng chính hãng từ các thương hiệu uy tín với giá tốt nhất thị trường Hà Nội và Sài Gòn, hàng mới full box.</li><li>Nhân viên chuyên nghiệp, giàu kinh nghiệm sẵn sàng tư vấn để khách hàng chọn mua được những sản phẩm chất lượng tốt nhất.</li><li>Đặc biệt khách hàng được giao hàng tận nơi, xem hàng thanh toán, không mua không sao.</li></ul>'),
(66, 'Converter Lan HHD-120G-100 10/100 Base-TX/FX Single-mode 100km loại 2 sợi quang sử dụng cho Internet và Camera IP', '10/100 Base-TX/FX Media Converter 100Km SC Connector (Single mode)', '3590000', 100, 17, '<h2><strong>Converter Lan HHD-120G-100 sử dụng cho cáp quang Single-mode 100km</strong></h2><p>-&nbsp;10/100 Base-TX/FX Media Converter 100Km SC Connector (Singlemode)&nbsp;loại&nbsp; 2 sợi quang sử dụng cho internet Lan và Camera IP ) Sử dụng cho cả cáp quang Single-mode 100Km.</p><p><img src=\"https://viethansecurity.com/media/product/2086_converter_hhd_120g_100km.jpg\" alt=\"Converter HHD-120G-100\"></p>'),
(67, 'Hộp phối quang gắn tường ODF 4FO đầy đủ phụ kiện', 'Converter Lan HHD-120G-100 sử dụng cho cáp quang Single-mode 100km\r\n- 10/100 Base-TX/FX Media Converter 100Km SC Connector (Singlemode) loại  2 sợi quang sử dụng cho internet Lan và Camera IP ) Sử dụng cho cả cáp quang Single-mode 100Km.\r\nConvert', '700000', 100, 17, '<h2><strong>Hộp phối quang gắn tường ODF 4 FO</strong></h2><p><strong>Hộp phối quang ODF 4FO</strong> trong nhà được thiết kế với kiểu dáng nhỏ gọn, treo tường trong nhà, chất liệu vỏ nhựa ABS&amp;PC, có thể dùng cho các adapter quang ST, SC, LC hoặc FC. Bao gồm : 4 adapter SC/UPC, 4 ống co nhiệt.</p><p><img src=\"https://viethansecurity.com/media/lib/2159_hop-phoi-quang-odf-4fo-trong-nha-vo-nhua.jpg\" alt=\"Hộp phối quang gắn tường ODF 4 FO vỏ nhựa\"></p><p><a href=\"https://viethansecurity.com/hop-phoi-quang-gan-tuong-odf-4fo-day-du-phu-kien.html\"><strong>Hộp ODF 4FO treo tường</strong></a>&nbsp;là thiết bị đặc biệt dùng chủ yếu cho các kết nối quang treo tường. Không chỉ có chức năng là tủ chứa các thiết bị mạng mà hộp phối quang ODF trong nhà còn có khả năng quản lý và bảo vệ các điểm đầu nối quang như dây hàn nối quang, mối hàn quang, dây nhảy quang, đầu nối adapter, một số thiết bị đi kèm như bộ chia quang, bộ chuyển đổi quang điện.</p><p><img src=\"https://viethansecurity.com/media/lib/2159_hop-phoi-quang-odf-4fo.jpg\" alt=\"Hộp phối quang gắn tường ODF 4 FO\"></p><p>Hộp ODF 4FO hay còn gọi là giá phân phối&nbsp;<a href=\"https://viethansecurity.com/cap-quang-g-net.html\"><strong>cáp quang</strong></a> dùng để tập trung và bảo vệ các mối hàn quang, phân phối các đầu nối đến modem quang hay converter. Sở hữu kích thước nhỏ gọn, tính thẩm mỹ và kinh tế cao nên thiết bị này được hàng triệu người Việt ưa chuộng và sử dụng. Nhất là khi sử dụng hộp phối quang ODF trong nhà có thể tùy chọn giữa các đầu nối quang SC, FC, LC, ST… Cùng với đó là chuẩn cáp quang Multimode hoặc cáp quang SingleMode.</p><p>Vỏ hộp phối quang ODF được làm bằng nhựa ABS dày 1.2mm có thể để trong nhà. Hộp phối ODF đầy đủ phụ kiện được thiết kế với dạng hộp kín giúp bảo vệ các mối nối quang trước những tác nhân tiêu cực bên ngoài. Nếu như hộp ODF ngoài trời được trang bị cánh cửa có khóa thì hộp ODF 4FO trong nhà có kết cấu mở dạng trượt.</p><p><img src=\"https://viethansecurity.com/media/lib/2159_hop-phoi-quang-odf-4fo-gia-re.jpg\" alt=\"Hộp phối quang gắn tường ODF 4 FO giá rẻ\"></p><p>Đặc biệt, cùng với vỏ hộp là khay hàn cáp quang được làm vật liệu nhựa có chức năng giữ cố định các mối hàn với các cáp. Số lượng đầu nối quang adapter trong hộp phối quang ODF 4FO trong nhà sẽ tương đương với 4 sợi quang. Có khá nhiều loại SC, FC, ST, LC…tùy thuộc nhu cầu sử dụng mà lắp đặt, kết nối các đầu nối quang với chuẩn khác nhau. Dây hàn quang là một trong những bộ phận quan trọng của hộp phối quang ODF 4 sợi trong nhà có tác dụng để hàn nối cùng với cáp quang.</p><p>Cuối cùng là ống co nhiệt có chức năng bảo vệ các mối hàn quang. Bên trong nó có một thanh thép nhỏ có tác dụng giữ thẳng mối hàn để tránh bị gãy gấp do quá trình lắp đặt và vận chuyển.&nbsp;</p>'),
(68, 'Đầu ghi hình KBVISION KX-A7104SD6 (4 kênh, chuẩn nén H.264)', '● Đầu ghi hình HDCVI 4 kênh 1080N +1 kênh IP\r\n● Chuẩn nén hình ảnh: H.264, giúp tiết kiệm băng thông và ổ cứng\r\n●Ghi hình ở độ phân giải 1080N, 720P\r\n● Cổng ra: VGA/HDMI,  Audio : 1 cổng vào 1 cổng ra\r\n● Hỗ trợ chuẩn Onvif 2.4 có thể kết nối với camera IP', '1712000', 100, 15, '<h2><strong>Đầu ghi hình KBVISION KX-A7104SD6 (4 kênh, chuẩn nén H.264)</strong></h2><h3><strong>1. Ưu điểm</strong></h3><p>- Thiết kế nhỏ gọn</p><p>- Hình ảnh đầu ra sắc nét nhất</p><p>- Dễ dàng lắp đặt và sử dụng</p><h3><strong>&nbsp;2. Tính năng</strong></h3><p><img src=\"https://viethansecurity.com/media/lib/3963_dau-ghi-hinh-kbvision-kx-7104sd6.jpg\" alt=\"Đầu ghi hình KBVISION KX-A7104SD6\"></p><p><strong>Đầu ghi hình KBVISION </strong><a href=\"https://viethansecurity.com/dau-ghi-hinh-kbvision-kx-7104sd6.html\"><strong>KX-A7104SD6</strong></a>&nbsp;là dòng đầu ghi cao cấp của KBVision - USA ngoài khả năng sử dụng lâu dài, đầu ghi còn có tính năng kết nối thêm 1 camera IP. Quan sát từ xa qua điện thoại di động bằng Cloud. KX-A7104SD6 đem lại nhiều tính năng độc đáo.</p><p>-<strong>&nbsp;</strong>Mini HD (5 in 1) 4 kênh + 1 kênh IP dành cho camera 1.0, 1.3 và 2.0 Megapixel.</p><p>- Hỗ trợ kết nối cùng lúc camera CVI/TVI/AHD/Analog IP (camera IP lên đến 5Mp) dễ dàng nâng cấp từ hệ thống analog cũ và có thể kết nối camera IP từ địa điểm khác giảm chi phí.</p><p>- Khoảng cách kết nối từ camera lên đến 1200 mét (đối với camera 1.0Mp và 1.3Mp khi sử dụng cáp 75-5), 800 mét (đối với camera 2.0 Mp khi sử dụng cáp 75-5).</p><p>- Chuẩn nén hình ảnh: H.264 giúp tiết kiệm băng thông và ổ cứng.</p><p>- <a href=\"https://viethansecurity.com/dau-ghi-ip-kbvision.html\"><strong>Đầu ghi hình&nbsp;KBVISION</strong></a>&nbsp;ở độ phân giải: 1080N, 720P.</p><p>- Tương thích với tín hiệu ngõ ra: VGA/HDMI.</p><p>- Hỗ trợ 1 ổ cứng SATA dung lượng 6TB, 2 USB 2.0.</p><p>- Chế độ xem lại: 4 kênh đồng thời.</p><p>- Audio: 1 cổng vào và 1 cổng ra.</p><p>- Hỗ trợ âm thanh 2 chiều.</p><p>- Hỗ trợ chuẩn Onvif 2.4 có thể kết nối với camera IP hãng khác hỗ trợ Onvif.</p><p>- Hỗ trợ tên miền miễn phí KBVISION.TV trọn đời sản phẩm.</p><p>- Hỗ trợ Cloud (server tại Việt Nam hoạt động mạnh mẽ, ổn định) chỉ cần scan QR Code: dễ dàng cài đặt, quan sát qua phần mềm trên điện thoại.</p><p>- Hỗ trợ kết nối trực tiếp với USB 3G.</p><p>- Hỗ trợ Push video báo động qua thiết bị di động trên phần mềm KBView Pro.</p><p>- Hỗ trợ 128 người sử dụng truy cập cùng lúc thích hợp cho những dự án như trường học, trường mầm non…</p><h3><strong>3. Cam kết từ&nbsp;Công ty TNHH giải pháp công nghệ Việt Hàn:</strong></h3><ul><li><a href=\"https://viethansecurity.com/\"><strong>Việt Hàn Security</strong></a><strong>&nbsp;</strong>chỉ bán hàng chính hãng từ các thương hiệu uy tín với giá tốt nhất thị trường Hà Nội và Sài Gòn, hàng mới full box.</li><li>Nhân viên chuyên nghiệp, giàu kinh nghiệm sẵn sàng tư vấn để khách hàng chọn mua được những sản phẩm chất lượng tốt nhất.</li><li>Đặc biệt khách hàng được giao hàng tận nơi, xem hàng thanh toán, không mua không sao.</li></ul>'),
(69, 'Đầu ghi hình KBVISION KX-A7108SD6 (8 kênh HD 1080N + 2 kênh IP)', '● Đầu ghi hình HDCVI 8 kênh 1080N +2 kênh IP\r\n● Chuẩn nén hình ảnh: H.264, giúp tiết kiệm băng thông và ổ cứng\r\n●Ghi hình ở độ phân giải 1080N, 720P\r\n● Cổng ra: VGA/HDMI,  Audio : 1 cổng vào 1 cổng ra\r\n● Hỗ trợ chuẩn Onvif 2.4 có thể kết nối với camera IP', '2384000', 100, 15, '<h2><strong>Đầu ghi hình KBVISION KX-A7108SD6 (8 kênh HD 1080N + 2 kênh IP)</strong></h2><h3><strong>1. Ưu điểm</strong></h3><p>- Thiết kế nhỏ gọn</p><p>- Hình ảnh đầu ra sắc nét nhất</p><p>- Dễ dàng lắp đặt và sử dụng</p><h3><strong>2. Tính năng</strong></h3><p><img src=\"https://viethansecurity.com/media/lib/3960_dau-ghi-hinh-kbvision-kx-7108sd6.jpg\" alt=\"Đầu ghi hình KBVISION KX-A7108SD6\"></p><p><strong>Đầu ghi hình KBVISION </strong><a href=\"https://viethansecurity.com/dau-ghi-hinh-kbvision-kx-7108sd6.html\"><strong>KX-A7108SD6</strong></a>&nbsp;là dòng đầu ghi cao cấp của KBVision - USA ngoài khả năng sử dụng lâu dài, đầu ghi còn có tính năng kết nối thêm 1 camera IP. Quan sát từ xa qua điện thoại di động bằng Cloud. KX-A7108SD6 đem lại nhiều tính năng độc đáo.</p><p>- Mini HD (5 in 1) 8 kênh + 2 kênh IP dành cho camera 1.0, 1.3 và 2.0 Megapixel.</p><p>- Hỗ trợ kết nối cùng lúc camera CVI/TVI/AHD/Analog IP (camera IP lên đến 5Mp) dễ dàng nâng cấp từ hệ thống analog cũ và có thể kết nối camera IP từ địa điểm khác giảm chi phí.</p><p>- Khoảng cách kết nối từ camera lên đến 1200 mét (đối với camera 1.0Mp và 1.3Mp khi sử dụng cáp 75-5), 800 mét (đối với camera 2.0 Mp khi sử dụng cáp 75-5).</p><p>- <a href=\"https://viethansecurity.com/dau-ghi-ip-kbvision.html\"><strong>Đầu ghi hình&nbsp;KBVISION</strong></a><strong>&nbsp;</strong>chuẩn nén hình ảnh: H.264 giúp tiết kiệm băng thông và ổ cứng.</p><p>- Ghi hình ở độ phân giải: 1080N, 720P.</p><p>- Tương thích với tín hiệu ngõ ra: VGA/HDMI.</p><p>- Hỗ trợ 1 ổ cứng SATA dung lượng 6TB.</p><p>- Hỗ trợ 2 USB 2.0.</p><p>- Chế độ xem lại: 1/4/9 kênh đồng thời.</p><p>- Audio: 1 cổng vào và 1 cổng ra.</p><p>- Hỗ trợ âm thanh 2 chiều.</p><p>- Hỗ trợ chuẩn Onvif 2.4 có thể kết nối với camera IP hãng khác hỗ trợ Onvif.</p><p>- Hỗ trợ tên miền miễn phí KBVISION.TV trọn đời sản phẩm.</p><p>- Hỗ trợ Cloud (server tại Việt Nam hoạt động mạnh mẽ, ổn định) chỉ cần scan QR Code: Dễ dàng cài đặt, quan sát qua phần mềm trên điện thoại.</p><p>- Hỗ trợ kết nối trực tiếp với USB 3G.</p><p>- Hỗ trợ Push video báo động qua thiết bị di động trên phần mềm KBView Pro.</p><p>- Hỗ trợ 128 người sử dụng truy cập cùng lúc thích hợp cho những dự án như trường học, trường mầm non…</p><h3><strong>3. Cam kết từ&nbsp;Công ty TNHH giải pháp công nghệ Việt Hàn:</strong></h3><ul><li><a href=\"https://viethansecurity.com/\"><strong>Việt Hàn Security</strong></a><strong>&nbsp;</strong>chỉ bán hàng chính hãng từ các thương hiệu uy tín với giá tốt nhất thị trường Hà Nội và Sài Gòn, hàng mới full box.</li><li>Nhân viên chuyên nghiệp, giàu kinh nghiệm sẵn sàng tư vấn để khách hàng chọn mua được những sản phẩm chất lượng tốt nhất.</li><li>Đặc biệt khách hàng được giao hàng tận nơi, xem hàng thanh toán, không mua không sao.</li></ul>'),
(70, 'Máy bộ đàm Lisheng LS-2000 Cự ly liên lạc từ 1-3km', 'Công suất: 3W UHF\r\n- Âm thanh to, rõ, chuẩn,, độ bền cao.\r\n- Pin sạc nhồi Li-Ion 1800mAh ( 160h chờ )\r\n- Cự ly liên lạc: từ 1-3km tùy theo địa hình.\r\n- Gồm: máy, pin, bát cài lưng, bộ sạc bàn', '1024000', 100, 17, '<h2><strong>Máy bộ đàm Lisheng LS-2000</strong></h2><p><strong>Máy bộ đàm Lisheng LS-2000</strong>&nbsp;cự ly liên lạc lên đến 3km, có thể kết nối với các loại máy bộ đàm nhãn hiệu khác. Đang được bán giá tốt nhất tại Việt Hàn Security.&nbsp;</p><h3><strong>Thông số&nbsp;</strong><a href=\"https://viethansecurity.com/may-bo-dam-lisheng-ls-2000-cu-ly-lien-lac-tu-1-3km.html\"><strong>Máy Bộ đàm Lisheng LS-2000</strong></a></h3><ul><li>Cự ly liên lạc: từ 1-3km tùy theo địa hình.</li><li>Âm thanh to, rõ, chuẩn,, độ bền cao.</li><li>Công suất: 3W UHF</li><li>Dải tần: 400470MHz</li><li>Trong lương siêu nhẹ: 210g.</li><li>Pin sạc nhồi Li-Ion 1800mAh ( 160h chờ )</li><li>Bộ sạc nhồi nhanh có đèn báo khi Pin đầy</li><li>Gồm: máy, pin, bát cài lưng, bộ sạc bàn</li><li>Có thể kết nối với các loại máy bộ đàm nhãn hiệu khác.</li></ul><p><img src=\"https://viethansecurity.com/media/lib/2467_bo-dam-liseng-LS-2000_1.jpg\" alt=\"Bộ đàm Lisheng LS-2000\"></p><p>( Hình ảnh máy bộ đàm <strong>Lisheng LS-2000 )</strong>&nbsp;</p><p><img src=\"https://viethansecurity.com/media/lib/2467_nguyen-hop-bo-dam-liseng-LS-2000_1.jpg\" alt=\"Nguyên hộp Bộ đàm Lisheng LS-2000\"></p><p>( Nguyên hộp&nbsp;máy bộ đàm <strong>Lisheng LS-2000&nbsp;</strong> )</p><h4>&nbsp;</h4><p>- Bảo hành Máy <i><strong>Lisheng LS-2000</strong></i>&nbsp;: thân máy 24 tháng, pin – adaptor 12 tháng.</p>'),
(71, 'Tai Nghe Máy bộ đàm Lisheng', 'Dùng được cho tất cả các loại máy bộ đàm của Lisheng ( LS-2000, LS-950, LS-5500, LS-7000 )', '180000', 100, 17, '<h2>Tai Nghe Máy bộ đàm Lisheng</h2><p>Tai Nghe Máy bộ đàm Lisheng dùng được cho tất cả các loại máy bộ đàm của Lisheng ( LS-2000, LS-950, LS-5500, LS-7000 )</p><p><img src=\"https://viethansecurity.com/media/product/2472_tai_nghe_may_bo_dam_lisheng.jpg\" alt=\"Tai Nghe Máy bộ đàm Lisheng\"></p><p>&nbsp;( Hình ảnh tai nghe máy bộ đàm LISHENG )</p>'),
(72, 'Đầu dò báo trộm hồng ngoại PARADOX NV5', 'Bộ cảm biến điện tử được điều khiển kỹ thuật số\r\nTự động cân bằng nhiệt độ\r\nĐiều chỉnh độ nhạy với năm mức độ\r\nThời gian khởi động 10 giây\r\nTốc độ phát hiện 0,2 3m/s', '485000', 100, 16, '<h2><strong>Đầu báo trộm hồng ngoại PARADOX NV5</strong></h2><p><strong>Đầu báo trộm hồng ngoại PARADOX NV5</strong> dùng lắp đặt trong nhà, tránh báo động giả với động vật dưới 16kg, kiểu dáng hiện đại, tiện lợi lắp đặt.</p><ul><li>Bộ cảm biến điện tử được điều khiển kỹ thuật số</li><li>Tự động cân bằng nhiệt độ</li><li>Điều chỉnh độ nhạy với năm mức độ</li><li>Thời gian khởi động 10 giây</li><li>Tốc độ phát hiện 0,2 3m/s</li><li>Khu vực bảo vệ lớn</li><li>Góc quét 110°, khu vực bảo vệ 11m x 11m</li><li>Tránh báo động giả với động vật dưới 16kg</li><li>Thích hợp với nhiều trung tâm báo động</li><li>Dùng lắp đặt trong nhà, có thể treo tường</li><li>Kiểu dáng hiện đại, dễ dàng lắp đặt</li><li>Điện áp hoạt động 10 15Vdc</li><li>Xuất xứ: Canada</li></ul><p><img src=\"https://viethansecurity.com/media/lib/2018_PARADOX-NV5-san-xuat-tai-canada.jpg\" alt=\"Đầu báo trộm hồng ngoại PARADOX NV5\"></p><p>(&nbsp;PARADOX NV5 made in Canada )</p><p><img src=\"https://viethansecurity.com/media/lib/2018_PARADOX-NV5-tuy-chinh-do-nhay.jpg\" alt=\"Đầu báo trộm hồng ngoại PARADOX NV5 tùy chỉnh độ nhạy\"></p><p>( Tùy chỉnh độ nhạy cảm biến thích hợp cho mọi loại tủ báo trộm )</p><p><img src=\"https://viethansecurity.com/media/lib/2018_PARADOX-NV5-mau-ma-chuyen-nghiep.jpg\" alt=\"Đầu báo trộm hồng ngoại PARADOX NV5 mẫu mã chuyên nghiệp\"></p><p><a href=\"https://viethansecurity.com/dau-do-bao-trom-hong-ngoai-paradox-nv5.html\"><strong>PARADOX NV5</strong></a>&nbsp;đầu dò báo trộm xuất xứ châu âu sản xuất tại Canada tích hợp đầy đủ mọi tiêu chuẩn chất lượng. khả năng chống báo giả con vật dưới 16 kg cực tốt. Chất lượng cực kỳ ổn định trong suốt quá trình sử dụng, tỷ lệ hư hỏng gần như bằng không. Giá thành hợp lý&nbsp;<strong>PARADOX NV5</strong>&nbsp;Sự lựa chọn tốt nhất hiện nay cho mọi nhà thầu và công trình.</p>'),
(73, 'Báo động KARASSN KS-W2E 40 vùng, 1 tủ trung tâm, 2 remote, cài đặt trrước 8 số điện thoại báo động', '1 Mã lập trình (Program Code) và 8 Mã sử dụng (User code)\r\n- Mở rộng 96 đầu dò không dây và 8 remote điều khiển, thiết lập đươc nhiều thuộc tính vùng.\r\n- Cài đặt trước 8 số điện thoại báo động', '50000000', 100, 16, '<h2><strong>BÁO TRỘM THÔNG MINH 40 VÙNG KARASSN KS-W2E</strong></h2><p><strong>Trung tâm báo trộm KARASSN KS-W2E</strong> chính hãng, giá rẻ tại Việt Hàn, báo trộm 40 VÙNG, hỗ trợ remote, kết nối mở rộng các thiết bị báo cháy, báo khói, đầu dò, .... rất tiện ích khi sử dụng.</p><p><img src=\"https://viethansecurity.com/media/product/4933_bao_trom_karassn_ks_w2e.jpg\" alt=\"\"></p><h3><strong>Tính năng&nbsp;</strong><a href=\"https://viethansecurity.com/389.html\"><strong>trung tâm báo trộm KARASSN KS-W2E</strong></a></h3><ul><li>Tương thích với giao thức Ademco Contact ID</li><li>Hỗ trợ mạng kép TCP/IP và GSM/ GPRS, ứng dụng trên di động, phần mềm cài đặt &amp; phần mềm CMS trên PC</li><li>1 Mã lập trình (Program Code) và 8 Mã sử dụng (User code)</li><li>Mở rộng 96 đầu dò không dây và 8 remote điều khiển, thiết lập đươc nhiều thuộc tính vùng.</li><li>Cài đặt trước 8 số điện thoại báo động</li><li>2 Chế độ báo động Home Arm và Away Arm</li><li>Kết nối được 4 bàn phím có dây KS-33E</li><li>Ngõ ra relay NO/NC &amp; 1 cổng PGM</li><li>Thời gian đáp ứng vùng có dây từ 100 - 900ms</li><li>Hẹn giờ Bật/Tắt hệ thống 2 lần trong ngày và cho các ngày trong tuần</li><li>Lưu lại 100 bản ghi sự kiện báo động sau cùng</li><li>Truyền dữ liệu về Trung tâm giám sát qua giao thức TCP/IP. Hỗ trợ IP tĩnh và DDNS.</li><li>Tần số RF: 433,92MHz</li><li>Nguồn cấp: 220VAC ± 15%, 50/60Hz. Bình điện dự phòng 12V - 7.5Ah (mua rời)</li><li>Kích thước: 216(L)x290(W)x86(H)mm. Trọng lượng: 3.7Kg</li><li>Ứng dụng trên smartphone iOS &amp; Android + Phần mềm cài đặt trên PC</li></ul><p>&nbsp;</p><p><img src=\"https://viethansecurity.com/media/product/4933_bao_trom_karassn_ks_w2e_hinh_2.jpg\" alt=\"\"></p><p><a href=\"https://viethansecurity.com/bao-trom-karassn.html\"><strong>Báo trộm Karassn</strong></a><strong>&nbsp;KS-W2E</strong> được coi là sản phẩm cao cấp, đa tính năng và đặt được sự ổn định nhất trong các dòng sản phẩm báo trộm không dây hiện nay. KS-W2E lắp được cả thiết bị có dây và không dây, kết hợp các thiết bị mở rộng khác như báo cháy, báo gas, công tắc từ, báo vỡ kính, báo nhiệt, ...cùng với bộ nguồn dự phòng có sẵn (thêm ắc quy) có thể lưu tới 48 giờ khi mất điện lưới, giúp cho sản phẩm báo trộm KS-W2E đa dụng hơn bao giờ hết.</p><p>Vì là hàng báo trộm cao cấp nên không có phụ kiện đi kèm, khách hàng phải mua thêm còi hú, bình ắc quy, mắt hồng ngoại và công tắc từ riêng.</p>'),
(74, 'Thiết bị mạng cục phát wifi RUIJIE RG-EW1200 (Router wifi cho hộ gia đình)', '- Router wifi gia đình\r\n\r\n- Tốc độ lên đến 1167Mbps\r\n\r\n- Hỗ trợ 2 băng tần 2.4GHz và 5GHz chuẩn 802.11a/b/g/n/ac Wave1/Wave2, MU-MIMO\r\n\r\n- Số lượng người dùng truy cập đồng thời đề xuất là 20+\r\n\r\n- 1 cổng 10/100M WAN (Auto MDI/MDIX), 3 cổng 10/100 LAN (Au', '1003000', 100, 18, '<h2>Thiết bị mạng cục phát wifi RUIJIE RG-EW1200 (Router wifi cho hộ gia đình)</h2><p>&nbsp; &nbsp; &nbsp; &nbsp; Thiết bị mạng cục phát wifi RUIJIE RG-EW1200 (Router cho hộ gia đình) là một bộ định tuyến tiêu dùng không dây băng tần kép 1200M, được thiết kế đặc biệt cho căn hộ, nhà ở tự xây dựng, cửa hàng bán lẻ nhỏ và các trường hợp khác. Thiết bị sử dụng truy cập tần số kép, ít nhiễu sóng không dây, làm việc với công nghệ Reyee Mesh độc đáo, nó loại bỏ hoàn toàn những trở ngại về cấu hình và cài đặt do nhiều thiết lập mạng và tiện ích bổ sung thiết bị. Ứng dụng thân thiện với người dùng, cùng với kiểm soát của phụ huynh.&nbsp; Phím tăng tốc trò chơi và các chức năng Wi-Fi độc quyền của nhà thông minh..v.v.</p><p><img src=\"https://viethansecurity.com/media/lib/06-11-2021/thit-b-mng-cc-pht-wifi-ruijie-rg-ew1200.jpg\" alt=\"\"></p><p><strong>Thông số tính năng nổi bật&nbsp;Thiết bị mạng cục phát wifi RUIJIE RG-EW1200&nbsp;</strong><br>- Kết nối 48 User<br>- Truy cập cùng lúc 24 to 32 user<br>- Tốc độ lên đến 1167Mbps<br>- 2 băng tần 2.4GHz và 5GHz<br>- Chuẩn 802.11a/b/g/n/ac Wave1/Wave2, MU-MIMO<br>- 1 cổng 100M WAN, 3 cổng 100 LAN<br>- Chế độ định tuyến: PPPoE / DHCP / static IP<br>- Đã bao gồm nguồn DC 12V 0.6A<br>- Kích thước 182x121x32mm (W×D×H, bao gồm cả anten)</p><p>- Bộ định tuyến cung cấp 1 cổng WAN 10 / 100Mbps và 3 cổng LAN 10 / 100Mbps, băng thông truy cập tối đa 100Mbps. Số lượng khách hàng được đề xuất là 48 bao gồm 24 thiết bị đầu cuối không dây.</p><p>- <a href=\"https://viethansecurity.com/thiet-bi-wifi.html\"><strong>Thiết bị mạng wifi</strong></a><strong>&nbsp;</strong>hỗ trợ cả 2.4GHz và 5GHz và hoạt động đồng thời, cung cấp tốc độ không dây tối đa 300Mbps ở 2.4G, 867Mbps ở 5G và 1167Mbps trên mỗi bộ định tuyến. Nó làm giảm nhiễu không dây và độ trễ, do đó cải thiện hiệu suất truy cập Internet của thiết bị đầu cuối và trải nghiệm của người dùng.</p><p>- Ngoài Công nghệ Reyee Mesh, bộ định tuyến còn hỗ trợ triển khai mạng với chính&nbsp;<a href=\"https://viethansecurity.com/thiet-bi-mang-wife-ruijie-rg-ew1200.html\"><strong>RG-EW1200</strong></a><strong>&nbsp;</strong>để quản lý cấu hình thống nhất. Bất kể phương pháp mạng nào được sử dụng, thuật toán điều chỉnh RF được áp dụng cho hàng triệu AP cấp doanh nghiệp của Ruijie có thể cung cấp khả năng chuyển vùng liền mạch giữa các thiết bị và chuyển đổi nhanh chóng giữa 2.4GHz và 5GHz. Người dùng có thể di chuyển khắp vùng phủ sóng Wi-Fi mà không bị gián đoạn dịch vụ nhờ chuyển vùng liền mạch.</p><p>- Quản lý cộng tác có thể được ủy quyền cho người khác tạm thời hoặc vĩnh viễn. Quản lý và cấu hình cục bộ hoặc từ xa có thể được thực hiện thông qua nhiều phương pháp như web cục bộ, ứng dụng Ruijie Cloud, v.v. để chẩn đoán và bảo trì lỗi, cung cấp khả năng quản lý đa đầu mối trên điện thoại di động và PC mọi lúc mọi nơi, đồng thời cung cấp khả năng bảo trì không cần lo lắng.</p><p><img src=\"https://viethansecurity.com/media/lib/06-11-2021/thit-b-mng-cc-pht-wifi-ruijie-rg-ew1200--mat-truoc.jpg\" alt=\"\"></p><p>(&nbsp;&nbsp;Thiết bị mạng cục phát wifi RUIJIE RG-EW1200&nbsp; mặt trước )</p><p><img src=\"https://viethansecurity.com/media/lib/06-11-2021/thit-b-mng-cc-pht-wifi-ruijie-rg-ew1200-chan-an-ten.jpg\" alt=\"\"></p><p><img src=\"https://viethansecurity.com/media/lib/06-11-2021/thit-b-mng-cc-pht-wifi-ruijie-rg-ew1200--mat-sau.jpg\" alt=\"\"></p><p><img src=\"https://viethansecurity.com/media/lib/06-11-2021/thit-b-mng-cc-pht-wifi-ruijie-rg-ew1200-cong-lan.jpg\" alt=\"\"></p><p>(&nbsp;&nbsp;Thiết bị mạng cục phát wifi <i><strong>RUIJIE RG-EW1200</strong></i> mặt sau hỗ trợ 1 cổng wan và 3 cổng lan để sài thiết bị khác có thể cắm trực tiếp vào để kết nối internet )</p><p><img src=\"https://viethansecurity.com/media/lib/06-11-2021/thit-b-mng-cc-pht-wifi-ruijie-rg-ew1200-mat-day.jpg\" alt=\"\"></p><p>(&nbsp;&nbsp;Thiết bị mạng cục phát wifi RUIJIE RG-EW1200 mặt đáy )</p><p><img src=\"https://viethansecurity.com/media/lib/06-11-2021/thit-b-mng-cc-pht-wifi-ruijie-rg-ew1200--mo-hop.jpg\" alt=\"\"></p><p>(&nbsp;&nbsp;Thiết bị mạng cục phát wifi RUIJIE RG-EW1200&nbsp; nguyên hộp )</p>');
INSERT INTO `hanghoa` (`MSHH`, `TenHH`, `QuyCach`, `Gia`, `SoLuongHang`, `MaLoaiHang`, `MoTaChiTiet`) VALUES
(75, 'Thiết bị mạng phát wifi RUIJIE RG-EW1200G Pro ( wifi cho gia đình)', '- Router Wifi gia đình\r\n- Tốc độ lên đến 1267Mbps\r\n- Hỗ trợ 2 băng tần 2.4GHz và 5GHz chuẩn 802.11a/b/g/n/ac Wave1/Wave2, MU-MIMO\r\n- Độ lợi Antenna 6 x 6dBi\r\n- Số lượng người dùng truy cập đồng thời đề xuất là 30+\r\n- 1 cổng 10/100/1000M WAN (Auto MDI/MDIX', '1504800', 100, 18, '<h2><strong>Thiết bị mạng phát wifi RUIJIE RG-EW1200G Pro (Router wifi cho gia đình)</strong></h2><p><strong>Thiết bị mạng phát wifi RUIJIE </strong><a href=\"https://viethansecurity.com/thiet-bi-mang-wifi-ruijie-rg-ew1200g-pro.html\"><strong>RG-EW1200G Pro</strong></a><strong> là bộ định tuyến tiêu dùng không dây băng tần kép Gigabit được thiết kế cho mọi loại hình gia đình và các trường hợp SOHO khác. Nó đi kèm với chuẩn Wi-Fi 802.11ac Wave2 thế hệ tiếp theo tăng tốc lên đến 1267Mbps, cho phép phát trực tuyến và chơi game trực tuyến 4K ổn định. Với bộ khuếch đại công suất cao tích hợp và nhiều ăng-ten bên ngoài, ngoài ra, với công nghệ MU-MIMO và công nghệ tạo chùm, EW1200G Pro&nbsp;mang đến phạm vi phủ sóng Wi-Fi tối ưu trong tất cả các kiểu nhà.</strong></p><p><img src=\"https://viethansecurity.com/media/lib/06-11-2021/thit-b-mng-pht-wifi-ruijie-rg-ew1200g-pro-nhin-nghieng.jpg\" alt=\"\"></p><h3><strong>1. Ưu điểm</strong></h3><p>- Router Wifi gia đình</p><p>- Tốc độ lên đến 1267Mbps</p><p>- Hỗ trợ 2 băng tần 2.4GHz và 5GHz chuẩn 802.11a/b/g/n/ac Wave1/Wave2, MU-MIMO</p><p>- Độ lợi Antenna 6 x 6dBi</p><p>- Số lượng người dùng truy cập đồng thời đề xuất là 30+</p><p>- 1 cổng 10/100/1000M WAN (Auto MDI/MDIX), 3 cổng 10/100/1000M LAN (Auto MDI/MDIX)</p><p>- <a href=\"https://viethansecurity.com/thiet-bi-mang.html\"><strong>Thiết bị mạng</strong></a> wifi RG-EW1200G PRO cũng được trang bị ứng dụng Ruijie Cloud để hỗ trợ toàn diện các cách quản lý thông minh và hoạt động từ xa.</p><h3><strong>2. Tính năng</strong></h3><p>&nbsp;<strong>- Tính năng nổi bật của thiết bị mạng wifi RUIJIE RG-EW1200G Pro</strong></p><p>+ Chế độ định tuyến: PPPoE / DHCP / static IP</p><p>+ Chế độ phát lại: dây / không dây</p><p>+ Guest Wi-Fi; smart home Wi-Fi; wireless network isolation</p><p>+ Static DHCP address</p><p>+ Port mapping, DMZ, etc.</p><p>+ DDNS: Oray</p><p>+ UPnP</p><p><strong>- Tính năng bảo mật của&nbsp;RG-EW1200G Pro</strong></p><p>+ WPA-PSK/WPA2-PSK</p><p>+ ARP protection: IP/MAC binding</p><p>+ SSID hiding</p><p>+ Preventing rogue devices (Blacklist/whitelist)</p><p>+ Kiểm soát truy cập</p><p>- Nguồn DC 12V 1.5A</p><p>- Hỗ trợ dịch vụ Ruijie Cloud miễn phí cho phép cấu hình nhanh, đơn giản, quản lý và giám sát dễ dàng</p><p>- Hỗ trợ Mesh nhiều bộ Wifi với nhau (đề xuất 3 thiết bị)</p><p>- Hỗ trợ Roamming Layer 2</p><p>- Kích thước 220x140x36mm (W×D×H, bao gồm cả anten)</p><p><img src=\"https://viethansecurity.com/media/lib/06-11-2021/thit-b-mng-pht-wifi-ruijie-rg-ew1200g-pro-nguyen-hop.jpg\" alt=\"\"></p><p><img src=\"https://viethansecurity.com/media/lib/06-11-2021/thit-b-mng-pht-wifi-ruijie-rg-ew1200g-pro-mat-truoc.jpg\" alt=\"\"></p><p>(&nbsp;Thiết bị mạng phát wifi <strong>RUIJIE RG-EW1200G Pro</strong> hình ảnh cục phát )</p><p><img src=\"https://viethansecurity.com/media/lib/06-11-2021/thit-b-mng-pht-wifi-ruijie-rg-ew1200g-pro-nguyen-bo.jpg\" alt=\"\"></p><p>(&nbsp;Thiết bị mạng phát wifi RUIJIE RG-EW1200G Pro hộp đựng )</p><p><img src=\"https://viethansecurity.com/media/lib/06-11-2021/thit-b-mng-pht-wifi-ruijie-rg-ew1200g-pro-ho-tro-3-cong-lan.jpg\" alt=\"\"></p><p><img src=\"https://viethansecurity.com/media/lib/06-11-2021/thit-b-mng-pht-wifi-ruijie-rg-ew1200g-pro-cong-lan.jpg\" alt=\"\"></p><p>(&nbsp;Thiết bị mạng phát wifi RUIJIE RG-EW1200G Pro hỗ trợ một cổng link và 3 công lan để sử dụng thêm thiết bị khác )</p>'),
(76, 'Thiết bị mạng wifi Ruijie RG-RAP1200(F) (Dual Band Ceiling Mount Access Point, Qualcomm)', '- Dual-band FE wall plate AP is a high-performance wall plate AP. With 802.3af/at PoE support, the AP provides a LAN port at the front to facilitate the expansion of IPTV, IP phone, etc. Compliant with 802.11a/b/g/n/ac Wave1/Wave2 Wi-Fi protocol, the AP s', '1713360', 100, 18, '<h2><strong>Thiết bị mạng wifi Ruijie RG-RAP1200(F) (Dual Band Ceiling Mount Access Point, Qualcomm)</strong></h2><h3><strong>1. Ưu điểm của sản phẩm:</strong></h3><ul><li>Thiết bị WIFI lắp trong nhà</li><li>Màu trắng tranh nhã&nbsp;</li><li>Dễ dàng lắp đặt và sử dụng.</li></ul><h3><strong>2. Thông số kỹ thuật và tính năng:</strong></h3><p><strong>Wi-Fi băng tần kép tốc độ cao</strong></p><p><a href=\"https://viethansecurity.com/thiet-bi-mang.html\">Thiết bị mạng</a>&nbsp;wifi Ruijie RG-RAP1200(F) (Dual Band Ceiling Mount Access Point, Qualcomm)&nbsp;hỗ trợ giao tiếp băng tần kép 2.4GHz và 5GHz, cung cấp tốc độ truy cập 400Mbps ở 2.4GHz, 867Mbps ở 5GHz và lên đến 1267Mbps trên mỗi AP.&nbsp;Nó có thể cung cấp dải tần 5GHz với ít nhiễu hơn, kênh rộng hơn và tốc độ nhanh hơn cho các thiết bị đầu cuối, cho phép người dùng tận hưởng trải nghiệm không dây tuyệt vời.</p><p><img src=\"https://viethansecurity.com/media/lib/6264_thiet-bi-mang-wifi-ruijie-rg-rap1200f-tot-nhat.jpg\" alt=\"Thiết bị mạng wifi Ruijie RG-RAP1200(F) (Dual Band Ceiling Mount Access Point, Qualcomm)\"></p><p><strong>Hỗ trợ định tuyến và chế độ AP</strong></p><p>Thiết bị mạng&nbsp;<a href=\"https://viethansecurity.com/wifi-ruijie.html\">WIFI Ruije</a> RG-RAP1200(F) (Dual Band Ceiling Mount Access Point, Qualcomm)&nbsp;hỗ trợ cả AP và chế độ định tuyến.&nbsp;Một mạng không dây có thể được hình thành với nhiều AP hoặc nó có thể được sử dụng như một bộ định tuyến không dây khi được triển khai độc lập.&nbsp;Thiết bị cung cấp các cấu hình linh hoạt hơn, nhiều tính năng ứng dụng phong phú hơn và các tình huống áp dụng rộng rãi hơn.</p><p><img src=\"https://viethansecurity.com/media/lib/6264_thiet-bi-mang-wifi-ruijie-rg-rap1200f.jpg\" alt=\"Thiết bị mạng wifi Ruijie RG-RAP1200(F) (Dual Band Ceiling Mount Access Point, Qualcomm)\"></p><p><strong>Hỗ trợ mạng lớp 3</strong></p><p><a href=\"https://viethansecurity.com/thiet-bi-mang-wifi-ruijie-rg-rap1200f.html\">Thiết bị mạng wifi Ruijie RG-RAP1200(F)</a>&nbsp;(Dual Band Ceiling Mount Access Point, Qualcomm)&nbsp;hỗ trợ chuyển vùng lớp 3 cho mạng lớp 3.&nbsp;Khi người dùng di chuyển trên các mạng Lớp 3, có thể chuyển vùng liền mạch mà không bị gián đoạn dịch vụ.</p><p><strong>Tín hiệu mạnh hơn và ổn định hơn</strong></p><p>Một bộ phản xạ ăng ten hợp kim nhôm được thêm vào để phản xạ tín hiệu nhiễu và tập trung tín hiệu hiệu quả để cung cấp tín hiệu truyền mạnh hơn và độ nhạy nhận tốt hơn.</p><p><a href=\"https://viethansecurity.com/thiet-bi-wifi.html\">Thiết bị Wifi</a>&nbsp;Ruijie RG-RAP1200(F) (Dual Band Ceiling Mount Access Point, Qualcomm) sử dụng FBAR để lọc tất cả các loại nhiễu do trạm gốc, lò vi sóng, thiết bị Bluetooth, v.v. của nhà điều hành gây ra, để cung cấp tín hiệu không dây sạch hơn, tốc độ truyền cao hơn và chất lượng truyền ổn định hơn.</p><p><img src=\"https://viethansecurity.com/media/lib/6264_thiet-bi-mang-wifi-ruijie-rg-rap1200f-tot.jpg\" alt=\"Thiết bị mạng wifi Ruijie RG-RAP1200(F) (Dual Band Ceiling Mount Access Point, Qualcomm)\"></p><p><strong>Vỏ chắc chắn</strong></p><p>Với chất liệu cứng cáp và chống cháy của vỏ AP, khả năng chống va đập cao gấp 5 lần so với chất liệu nhựa ABS thông thường.&nbsp;Độ bền kéo và độ bền uốn tăng lên 30%, không dễ bị hư hại.&nbsp;Người dùng có thể yên tâm trong quá trình sử dụng và bảo dưỡng.</p><p><strong>Cài đặt đơn giản</strong></p><p>Thiết kế lắp đặt tấm tường 86mm tạo điều kiện lắp đặt nhanh chóng trực tiếp vào hộp nối tường 86mm tiêu chuẩn mà không yêu cầu bất kỳ giá lắp bổ sung nào.&nbsp;</p>'),
(77, 'Báo trộm không dây Picotech PCA-8300GSM 32 vùng, Tích hợp Nhiệt kế, Đồng hồ báo thức', '* Thiết kế sang trọng với màn hình hiển thị LCD và phím bấm cảm ứng điện dung.\r\n* Tích hợp Nhiệt kế, Đồng hồ báo thức, hỗ trợ 04 Số điện thoại gọi nhanh, chức năng Khóa trẻ em (Child Lock),…\r\n* Sử dụng như chiếc điện thoại bình thường: Bấm số và phím gọi ', '5179000', 100, 16, '<h2><strong>BÁO TRỘM THÔNG MINH 32 vùng PICOTECH PCA-8300GSM</strong></h2><p><strong>Trung tâm báo trộm PICOTECH PCA-8300GSM</strong> chính hãng, giá rẻ tại Việt Hàn, báo trộm 32 vùng, hỗ trợ remote, kết nối mở rộng các thiết bị báo cháy, báo khói, đầu dò, .... rất tiện ích khi sử dụng</p><p><img src=\"https://viethansecurity.com/media/product/4945_bao_trom_picotech_pca_8300gsm_1.png\" alt=\"\"></p><h3><strong>Tính năng&nbsp;</strong><a href=\"https://viethansecurity.com/389.html\"><strong>trung tâm báo trộm PICOTECH PCA-8300GSM</strong></a></h3><ul><li>Thiết kế sang trọng với màn hình hiển thị LCD và phím bấm cảm ứng điện dung.</li><li>Tích hợp Nhiệt kế, Đồng hồ báo thức, hỗ trợ 04 Số điện thoại gọi nhanh, chức năng Khóa trẻ em (Child Lock),…</li><li>Sử dụng như chiếc điện thoại bình thường: Bấm số và phím gọi hoặc gọi nhanh các số khẩn cấp chỉ với một phím bấm.</li><li>Module GSM hỗ trợ các băng tần: 850MHz/900MHz; 1.800MHz/1.900MHz</li><li>Tương thích với giao thức Ademo Contact ID</li><li>Tích hợp đầu đọc thẻ nhận dạng RFID</li><li>Giám sát tình trạng Đóng/Mở cửa</li><li>32 Vùng không dây, mỗi vùng cài được 03 cảm biến; chia sẻ 4 vùng có dây 1, 2, 3 &amp; 4</li><li>Các vùng từ 01 đến 16: Thiết lập được 11 thuộc tính vùng (Burglar, Perimeter, Fire, Gas, Silent, SOS, Medical, Duress, Doorbel Notice, Doorbell Alarm, Disable, Delay); Các vùng còn lại từ 17 – 32: Thuộc tính báo trộm (Burglar)</li><li>2 Chế độ báo động Home Arm và Away Arm</li><li>Hỗ trợ 8 bộ Remote điều khiển từ xa và 08 thẻ nhận dạng RFID</li><li>Cài đặt trước 08 số điện thoại báo động</li><li>Ghi âm nội dung cảnh báo khi có báo động (20 giây)</li><li>Hẹn giờ Tắt/Mở 2 lần cho các ngày trong tuần</li><li>Tích hợp sẵn còi báo động &gt;90dB (trong khoảng cách 1 mét)</li><li>Hỗ trợ thêm còi không dây &amp; có dây (ngõ ra 12VDC - 150mA có thể kết nối với còi phụ có dây hoặc đèn báo,...)</li><li>Báo cáo tình trạng nguồn cấp, tình trạng Bật/Tắt hệ thống (tùy chọn Tắt/Mở)</li><li>Lưu lại 30 bản ghi sự kiện báo động sau cùng, có thể truy vấn theo thời gian.</li><li>Pin sạc dự phòng 7.4V - 1.200mAh, hoạt động liên tục hơn 8 giờ trong chế độ standby</li><li>Kích thước (L*W*H): 195*136*31mm</li><li>Ứng dụng miễn phí trên Smartphone iOS và Android</li></ul><p><a href=\"https://viethansecurity.com/bao-trom-karassn.html\"><strong>Báo trộm PICOTECH</strong></a><strong>&nbsp;PCA-8300GSM</strong> được coi là sản phẩm cao cấp, đa tính năng và đặt được sự ổn định nhất trong các dòng sản phẩm báo trộm không dây hiện nay. PCA-8300GSM lắp được cả thiết bị có dây và không dây, kết hợp các thiết bị mở rộng khác như báo cháy, báo gas, công tắc từ, báo vỡ kính, báo nhiệt, ...cùng với bộ nguồn dự phòng có sẵn (thêm ắc quy) có thể lưu tới 48 giờ khi mất điện lưới, giúp cho sản phẩm báo trộm PCA-8300GSM đa dụng hơn bao giờ hết.</p><p>Vì là hàng báo trộm cao cấp nên không có phụ kiện đi kèm, khách hàng phải mua thêm còi hú, bình ắc quy, mắt hồng ngoại và công tắc từ riêng.</p>'),
(78, 'Thiết bị báo cháy HORING Q01-4 (đầu dò khói quang)', '- Nguồn điện: 12VDC dùng được cho tủ NetworX.\r\n- Thiết lập độ nhạy: Tuân theo chuẩn EN54.\r\n- Đầu báo khói được làm bằng vật liệu: Nhựa chống cháy.\r\n- Nhiệt độ môi trường: -10ºC ~ +55ºC.\r\n- Phạm vi điện áp: 12 ~ 30VDC.', '412000', 100, 16, '<h2>Thiết bị báo cháy HORING Q01-4 (đầu dò khói quang)</h2><h3>1.Ưu điểm của sản phẩm</h3><ul><li>Dễ dàng lắp đặt nhanh chóng</li><li>Cảm biến khói siêu nhạy</li><li>Kết nối báo động nhanh&nbsp;</li></ul><h3>2.Thông số kĩ thuật và tính năng</h3><p><strong>+ Đầu dò nhiệt gia tăng</strong>&nbsp;HORING&nbsp;Q01-4 là thiết bị cảm biến nhiệt&nbsp; <a href=\"https://viethansecurity.com/bao-trom-bao-chay.html\">báo trộm- báo cháy</a>&nbsp;có thể hoạt động không giới hạn số lần và không bị ảnh hưởng bởi nhiệt độ phòng, Các bộ phận được mạ vàng để tránh quá trình oxy hóa, Bộ phận cân bằng không khí của thiết bị&nbsp;<a href=\"https://viethansecurity.com/bao-chay-horing.html\">báo cháy HORING</a>&nbsp;làm bằng hợp kim để tránh độ ẩm và ổn định các chức năng thông gió. Hợp kim tự nó có thể tản nhiệt (không phải do cháy gây ra) để tránh các báo động sai.</p><p><img src=\"https://viethansecurity.com/media/lib/1245_dau-do-khoi-quang-horing-q01-4-12v-dc-anh-mo-ta.jpg\" alt=\"Thiết bị báo cháy HORING Q01-4 (đầu dò khói quang)\"></p><p>+ Đầu báo khói quang HORING 01-4 chuẩn UL, điện áp: 12V DC, dòng điện báo động: 45mA, được ưu đãi giá tốt, chính hãng, giao hàng miễn phí toàn quốc tại Việt Hàn.&nbsp;</p>'),
(79, 'Báo trộm không dây Picotech PCA-7000 WIFI/GSM 32 vùng, Giám sát tình trạng Đóng/Mở cửa', '- Chuẩn Wifi: 802.11 b/g/n 2.4GHz (WEP/WPA-PSK/WPA2-PSK)\r\n- Tích hợp đầu đọc thẻ RFID\r\n- Giám sát tình trạng Đóng/Mở cửa\r\n- Điều khiển ổ cắm thông minh (Smart socket)', '4126000', 100, 16, '<h2><strong>BÁO TRỘM THÔNG MINH 32 vùng PICOTECH PCA-7000 WIFI/GSM</strong></h2><p><strong>Trung tâm báo trộm PICOTECH PCA-7000 WIFI/GSM</strong> chính hãng, giá rẻ tại Việt Hàn, báo trộm 32 vùng, hỗ trợ remote, kết nối mở rộng các thiết bị báo cháy, báo khói, đầu dò, .... rất tiện ích khi sử dụng</p><p><img src=\"https://viethansecurity.com/media/product/4944_bao_trom_khong_day_picotech_pca_7000gsm_2.png\" alt=\"\"></p><h3><strong>Tính năng&nbsp;</strong><a href=\"https://viethansecurity.com/bao-trom-khong-day-picotech-pca-7000-wifi/389.html\"><strong>trung tâm báo trộm PICOTECH PCA-7000 WIFI/GSM</strong></a></h3><ul><li>Tích hợp Module GSM hỗ trợ các băng tần: 850MHz/900MHz; 1.800MHz/1.900MHz</li><li>Chuẩn Wifi: 802.11 b/g/n 2.4GHz (WEP/WPA-PSK/WPA2-PSK)</li><li>Tích hợp đầu đọc thẻ RFID</li><li>Giám sát tình trạng Đóng/Mở cửa</li><li>Điều khiển ổ cắm thông minh (Smart socket)</li><li>32 Vùng không dây. Thiết lập được 11 thuộc tính vùng: Disable, Delay, Burglar, Smart Perimeter, Fire, Gas, Duress, Duress, Panic, Medical, Doorbell</li><li>2 Chế độ báo động Home Arm và Away Arm</li><li>Hỗ trợ 8 bộ Remote điều khiển từ xa và 08 thẻ nhận dạng RFID</li><li>Cài trước 08 số điện thoại báo động</li><li>Hẹn giờ Tắt/Mở 2 lần trong ngày</li><li>Lưu lại 100 bản ghi sự kiện báo động sau cùng, có thể truy vấn qua App. trên smart phone</li><li>Tích hợp sẵn còi báo động &gt;80dB (trong khoảng cách 1 mét), có thể chỉnh được 3 mức âm lượng.</li><li>Hẹn giờ Tắt/Mở 2 lần trong ngày</li><li>Pin sạc dự phòng 3.7V - 800mAh, hoạt động liên tục hơn 8 giờ trong chế độ standby</li><li>Kích thước (L*W*H): 140*140*25mm (siêu mỏng)</li><li>Ứng dụng miễn phí trên Smartphone iOS và Android</li></ul><p><img src=\"https://viethansecurity.com/media/product/4944_bao_trom_khong_day_picotech_pca_7000gsm_2_hinh_2.png\" alt=\"\"></p>'),
(80, 'BÁO TRỘM THÔNG MINH 32 vùng PICOTECH PCA-7000 WIFI/GSM Trung tâm báo trộm PICOTECH PCA-7000 WIFI/GSM chính hãng, giá rẻ tại Việt Hàn, báo trộm 32 vùng, hỗ trợ remote, kết nối mở rộng các thiết bị báo cháy, báo khói, đầu dò, .... rất tiện ích khi sử dụng  ', '- Tương thích với giao thức Ademco Contact ID\r\n- Mẫu mã hiện đại với các phím bấm cảm ứng điện dung\r\n- 32 vùng không dây, mỗi vùng cài được 3 cảm biến. Hỗ trợ thêm 2 vùng có dây\r\n- Giám sát tình trạng Đóng/Mở cửa', '3706000', 100, 16, '<h2><strong>BÁO TRỘM THÔNG MINH 32 vùng PICOTECH PCA-8000GSM</strong></h2><p><strong>Trung tâm báo trộm PICOTECH PCA-8000GSM</strong> chính hãng, giá rẻ tại Việt Hàn, báo trộm 32 vùng, hỗ trợ remote, kết nối mở rộng các thiết bị báo cháy, báo khói, đầu dò, .... rất tiện ích khi sử dụng</p><h3><strong>Tính năng&nbsp;</strong><a href=\"https://viethansecurity.com/389.html\"><strong>trung tâm báo trộm PICOTECH PCA-8000GSM</strong></a></h3><ul><li>Tương thích với giao thức Ademco Contact ID</li><li>Mẫu mã hiện đại với các phím bấm cảm ứng điện dung</li><li>32 vùng không dây, mỗi vùng cài được 3 cảm biến. Hỗ trợ thêm 2 vùng có dây</li><li>Giám sát tình trạng Đóng/Mở cửa</li><li>4 băng tần GSM: 900MHz/1800MHz, 850MHz/1900MHz. Quay số báo động qua điện thoại, gửi tin nhắn SMS hoặc cả hai</li><li>8 thuộc tính vùng: Burglar, Delay, Perimeter, Fire, Gas, Duress, Panic and Medical. Có thể đặt thuộc tính &amp; gán tên cho các vùng từ 01 – 16. Các vùng còn lại từ 17 – 32: Mặc định thuộc tính báo trộm (Burglar)</li><li>2 Chế độ báo động Home Arm và Away Arm</li><li>Cài được 8 bộ Remote điều khiển từ xa</li><li>Hỗ trợ 3 số điện thoại lập trình, 1 số liên lạc 2 chiều và 8 số điện thoại báo động</li><li>Ghi âm nội dung cảnh báo khi có báo động (20 giây)</li><li>Điều khiển hệ thống từ xa bằng tin nhắn SMS hoặc phần mềm</li><li>Hỗ trợ liên lạc 2 chiều với chỉ 1 phím bấm + phím SOS cho trẻ em và người cao tuổi trong trường hợp cần trợ giúp khẩn cấp</li><li>Tích hợp sẵn còi báo động &gt;90dB, có thể chỉnh được 3 mức âm lượng.</li><li>Hỗ trợ còi không dây, ngõ ra 12VDC (&lt;150mA) có thể kết nối với còi phụ có dây hoặc đèn báo</li><li>Báo cáo tình trạng nguồn cấp, tình trạng Bật/Tắt hệ thống (tùy chọn Tắt/Mở)</li><li>Lập trình thời gian Bật/Tắt hệ thống cho các ngày trong tuần</li><li>Lưu lại 30 bản ghi sự kiện báo động sau cùng, có thể truy vấn theo thời gian cụ thể</li><li>Pin sạc dự phòng 7.4V - 900mAh, hoạt động 8 giờ liên tục trong chế độ standby</li><li>Ứng dụng miễn phí trên Smartphone iOS và Android</li></ul><p><img src=\"https://viethansecurity.com/media/product/4943_bao_trom_picotech_pca_8000gsm_mau_den.png\" alt=\"\"></p><p><img src=\"https://viethansecurity.com/media/product/4943_bao_trom_picotech_pca_8000gsm_mau_trang.jpg\" alt=\"\"></p><p><a href=\"https://viethansecurity.com/bao-trom-karassn.html\"><strong>Báo trộm PICOTECH</strong></a><strong>&nbsp;PCA-8000GSM</strong> được coi là sản phẩm cao cấp, đa tính năng và đặt được sự ổn định nhất trong các dòng sản phẩm báo trộm không dây hiện nay. PCA-8000GSM lắp được cả thiết bị có dây và không dây, kết hợp các thiết bị mở rộng khác như báo cháy, báo gas, công tắc từ, báo vỡ kính, báo nhiệt, ...cùng với bộ nguồn dự phòng có sẵn (thêm ắc quy) có thể lưu tới 48 giờ khi mất điện lưới, giúp cho sản phẩm báo trộm PCA-8000GSM đa dụng hơn bao giờ hết.</p><p>Vì là hàng báo trộm cao cấp nên không có phụ kiện đi kèm, khách hàng phải mua thêm còi hú, bình ắc quy, mắt hồng ngoại và công tắc từ riêng.</p>'),
(81, 'Máy bộ đàm TK-P701', 'Công suất phát: 5W (VHF) / 4W (UHF).\r\nCự ly liên lạc: \r\n+ Nội thành: 500 - 1000m. \r\n+ Ngoại thành: 1000 - 1500m\r\n+ Điều kiện lý tưởng: 2000m', '3000100', 100, 17, '<h2><strong>MÁY BỘ ĐÀM KENWOOD TK-P701</strong></h2><p><strong>Máy bộ đàm Kenwood</strong> TK-P701 với thiết kế gọn nhẹ, vỏ chắc chắn phù hợp tiêu chuẩn chống va đập, bụi bẩn và độ ẩm cao, pin Lithium có thể sạc nhồi không sợ chai pin, cự ly sử dụng lên đến 4km tùy điều kiện thích hợp có thể cao hơn, chuyên dùng cho nhân viên bảo vệ trong các quán ăn, quán cafe, nhà hàng, công trình xây dựng… giúp giữ liên lạc tốt đem lại hiệu quả công việc cao.</p><p><img src=\"https://viethansecurity.com/media/product/57_358.jpg\" alt=\"MÁY BỘ ĐÀM KENWOOD TK-P701\"></p><p>Băng tần sử dụng 16 kênh tần số VHF mã hóa giúp giảm nhiễu tín hiệu tốt.</p><ul><li><a href=\"https://viethansecurity.com/358.html\"><strong>Kenwood TK-P701</strong></a><strong>&nbsp;</strong>Sử dụng Pin công nghệ mới cho phép sạc nhồi và dung lượng lớn Li-on 1520mAh.</li><li>Dải tần: VHF 136-174MHz; UHF 400-470MHz</li><li>Số kênh: 16 kênh tần số sử dụng công nghệ mã hóa tín hiệu giúp giảm thiểu nhiễu tín hiệu.</li><li>Công suất phát: 5W (VHF) / 4W (UHF).</li><li>Cự ly liên lạc:&nbsp;<br>+ Nội thành: 500 - 1000m.&nbsp;<br>+ Ngoại thành: 1000 - 1500m<br>+ Điều kiện lý tưởng: 2000m</li><li>Thiết kế rắn chắc đáp ứng đầy đủ các tiêu chuẩn quân đội MIL-STD C/D/E của Bộ Quốc Phòng Mỹ về khả năng chịu va đập, chấn động, độ ẩm, bụi bẩn , mưa, . . .</li><li>Đèn báo pin yếu.</li><li>Kích thước (rộng x cao x sâu): 58 x 125 x 35 mm</li><li>Trọng lượng: 203g</li><li>Bao gồm: Thân máy, anten, pin, adaptor, sạc bàn, bát cài lưng.</li><li><strong>Kenwood TK-P701</strong>&nbsp;Thiết kế vỏ nhựa đặc biệt và khung nhôm bao kín, đầu nối anten thông minh chống lại những tác động mạnh, máy có thể hoạt động lâu dài và có tính ổn định cao. Rất thích hợp sử dụng trong các môi trường nhiều bụi, dễ va chạm như Công Trình Xây Dựng, Nhà Máy, Kho Bãi, ...</li><li>Hàng Nhật, lắp ráp tại Kenwood Electronics (Hong Kong) Ltd.</li><li>Bảo hành máy 24 tháng pin bảo hành 6 tháng</li></ul>'),
(82, 'Dây nhảy quang Single-mode SC/UPC-SC/UPC dài 3-5m tuỳ chọn', 'Dây nhảy quang single mode các loại SC/UPC - SC/UPC dài 3 -5m tùy chọn ( FC or SC)', '2100000', 100, 17, '<h2><strong>Dây nhảy quang Single mode SC/UPC - SC/UPC</strong></h2><p>Dây nhảy quang single mode các loại SC/UPC - SC/UPC dài 3 -5m tùy chọn ( FC or SC), là một đoạn cáp quang&nbsp;<strong>Single-mode&nbsp;</strong>hoặc&nbsp;<strong>Multi-mode</strong>, sợi đơn –&nbsp;<strong>Simplex</strong>&nbsp;hoặc sợi đôi -<strong>Duplex</strong>, 2 đầu có gắn sẵn đầu kết nối quang như SC, LC, FC, ST, MU, MT-RJ, MPO, E2000 vv...</p><p><strong>Dây nhảy quang</strong>&nbsp;được sử dụng làm cầu nối giữa các liên kết mạng quang, kết nối &nbsp;giữa các <strong>ODF quang</strong>, tủ phối quang, các thiết bị truyền dẫn quang với nhau.&nbsp;Dây nhảy quang&nbsp;mang lại sự linh hoạt và thuận thiện cho người sử dụng hệ thống mạng quang.&nbsp;</p><p><img src=\"https://viethansecurity.com/media/lib/2155_day-nhay-quang-single-mode-scupc-scupc-dai-3-5m-tuy-chon.jpg\" alt=\"Dây nhảy quang Single mode SC/UPC - SC/UPC\"></p><p><a href=\"https://viethansecurity.com/day-nhay-quang-single-mode-scupc-scupc-dai-3-5m-tuy-chon.html\"><strong>Dây nhảy quang&nbsp;Single mode SC/UPC - SC/UPC</strong></a><strong>&nbsp;</strong>được ứng dụng rộng rãi trong CATV; Fiber Optic Telecommunication System; Fiber Optic Access Network; LAN; Fiber Optic Transducer; Fiber 0ptic Data Transmission; Test Equipment; Metro; Active Device Termination, FTTx, FTTH vv…</p>'),
(83, 'Thiết bị mạng wifi Aruba Instant On AP22 (RW)Access Point R4W02A', 'Fast 802.11ax, 2X2:2\r\n-Wi-Fi CERTIFIED 6TM (Wi-Fi 6)\r\n-MU-MIMO performance\r\n-Smart Mesh Wi-Fi support\r\n-Built-in Wi-Fi router/gateway\r\nfunctionality\r\n-Integrated Bluetooth\r\n-Easy-to-use web and mobile app for\r\nsetup and management\r\n-Secure Guest Wi-Fi wit', '1020000', 100, 18, '<h2>Thiết bị mạng wifi Aruba Instant On AP22 (RW)Access Point R4W02A</h2><h3>1. Ưu điểm của thiết bị mạng wifi Aruba Instant On AP22 (RW)Access Point R4W02A:</h3><ul><li>Khả năng thiết lập rất nhanh chóng, quản lý hoàn toàn qua điện thoại.</li><li>Giải quyết được các vấn đề quá tải khi số lượng người truy cập lớn, đảm bảo đường truyền luôn ổn định.</li><li>Thiết bị hỗ trợ công nghệ&nbsp; 802.11ac Wave 2, 4X4: 4 MU-MIMO gúp tăng băng thông và tốc độ cho các thiết bị kết nối không dây.</li></ul><h3>2. Thông số kỹ thuật và tính năng của thiết bị mạng wifi Aruba Instant On AP22 (RW)Access Point R4W02A:</h3><p>Aruba Instant On Wi-Fi 6 cho doanh nghiệp vừa và nhỏ.</p><p>Thiết bị mạng wifi Aruba Instant On AP22 (RW)Access Point R4W02A&nbsp;chuẩn AX công nghệ Wifi 6 với tính năng mạnh mẽ bảo mật cao là lựa chọn lý tưởng cho các khách hàng doanh nghiệp vừa và nhỏ nhằm nâng cao cất lượng phục vụ cho khách hàng cũng như tạo nền tảng cho nhân viên của họ làm việc hiệu quả hơn.</p><p>Băng thông gấp bốn lần so với các AP chuẩn AC,&nbsp;thiết bị mạng wifi Aruba Instant On AP22 (RW)Access Point&nbsp;<a href=\"https://viethansecurity.com/thiet-bi-mang-wifi-aruba-instant-on-ap22-rwaccess-point-r4w02a.html\"><strong>R4W02A</strong></a> cung cấp trải nghiệm người dùng tuyệt vời trong bất kể môi trường nào, cho dù đó là văn phòng chi nhánh, văn phòng luật sư, phòng mạch, nhà hàng tiệc cưới, quán café... Hoặc những tổ chức đã phải thay đổi phương thức làm việc để đáp ứng với môi trường kinh doanh hiện tại do dịch Covid, từ chủ yếu là tương tác trực tiếp với khách hàng sang chỉ trực tuyến hoặc từ làm việc on-site sang work-from-home thì sự bổ sung này cung cấp một mạng lưới an toàn để đảm bảo các hoạt động diễn ra trơn tru.</p><p><img src=\"https://viethansecurity.com/media/lib/6882_thiet-bi-mang-wifi-aruba-instant-on-ap22-rwaccess-point-r4w02a.jpg\" alt=\"Thiết bị mạng wifi Aruba Instant On AP22 (RW)Access Point R4W02A\"></p><p>Giống như phần còn lại của danh mục Aruba Instant On, <a href=\"https://viethansecurity.com/thiet-bi-mang-wifi-aruba.html\"><strong>thiết bị mạng wifi Aruba</strong></a>&nbsp;Instant On AP22 (RW)Access Point R4W02A dễ dàng tích hợp với các AP Instant On indoor/outdoor mà khách hàng đã có, cũng như các switch 1930 đã được giới thiệu gần đây có thể được thiết lập và quản lý tập trung thông qua ứng dụng Instant On dành cho mobile hoặc cloud-based web portal. Trên thực tế, Instant On rất nhanh chóng và dễ dàng để thiết lập, bạn có thể thực hiện điều đó trong khoảng thời gian vài phút.</p><h3><strong>3. Cam kết từ Công ty TNHH giải pháp công nghệ Việt Hàn</strong></h3><ul><li><a href=\"https://viethansecurity.com/\"><strong>Việt Hàn Security</strong></a>&nbsp; chỉ bán hàng chính hãng từ các thương hiệu uy tín với giá tốt nhất thị trường Hà Nội và Sài Gòn, hàng mới full box.</li><li>Nhân viên chuyên nghiệp, giàu kinh nghiệm sẵn sàng tư vấn để khách hàng chọn mua được những sản phẩm chất lượng tốt nhất.</li><li>Đặc biệt khách hàng được giao hàng tận nơi, xem hàng thanh toán, không mua không sao.</li></ul>'),
(84, 'Thiết bị mạng wifi Aruba Instant On AP17 (RW) Access Point R2X11A', '- Aruba Instant On AP17 (RW) 2x2 11ac Wave2 Truy cập ngoài trời.\r\n\r\n- Hỗ trợ công nghệ 802.11ac Wave 2, 2X2: 2 MU-MIMO.\r\n\r\n- Hỗ trợ khả năng quản lý và giám sát từ xa.\r\n\r\n- Hỗ trợ mạng Wi-Fi của khách và nhân viên riêng biệt.', '1001000', 100, 18, '<h2>Thiết bị mạng wifi Aruba Instant On AP17 (RW) Access Point R2X11A</h2><h3>1. Ưu điểm của thiết bị mạng wifi Aruba Instant On AP17 (RW) Access Point R2X11A:</h3><ul><li>Khả năng thiết lập rất nhanh chóng, quản lý hoàn toàn qua điện thoại.</li><li>Giải quyết được các vấn đề quá tải khi số lượng người truy cập lớn, đảm bảo đường truyền luôn ổn định.</li><li>Thiết bị hỗ trợ công nghệ&nbsp; 802.11ac Wave 2, 2X2: 2 MU-MIMO&nbsp;gúp tăng băng thông và tốc độ cho các thiết bị kết nối không dây.</li></ul><h3>2. Thông số kỹ thuật và tính năng của thiết bị mạng wifi Aruba Instant On AP17 (RW) Access Point R2X11A:</h3><p>- Aruba Instant On AP17 (RW) 2x2 11ac Wave2 Truy cập ngoài trời.</p><p>- Hỗ trợ công nghệ 802.11ac Wave 2, 2X2: 2 MU-MIMO.</p><p>- Hỗ trợ khả năng quản lý và giám sát từ xa.</p><p><img src=\"https://viethansecurity.com/media/lib/6881_thiet-bi-mang-wifi-aruba-instant-on-ap17-rw-access-point-r2x11a.jpg\" alt=\"Thiết bị mạng wifi Aruba Instant On AP17 (RW) Access Point R2X11A\"></p><p>- <strong>Thiết bị mạng wifi Aruba Instant On AP17 (RW) Access Point&nbsp;</strong><a href=\"https://viethansecurity.com/thiet-bi-mang-wifi-aruba-instant-on-ap17-rw-access-point-r2x11a.html\"><strong>R2X11A</strong></a><strong> </strong>hỗ trợ mạng Wi-Fi của khách và nhân viên riêng biệt.</p><p>- Ứng dụng di động và hỗ trợ cổng thông tin đám mây.</p><p>- Dual Radio để hỗ trợ hoạt động băng tần kép đồng thời.</p><p>- 5GHz 802.11ac 2x2 MIMO cho tốc độ dữ liệu không dây lên đến 867Mbps, với hỗ trợ Multi User MIMO (Wi-Fi 5).</p><p>- 2.4GHz 802.11n 2x2 MIMO cho hỗ trợ tốc độ dữ liệu không dây lên đến 300Mbps (Wi-Fi 4).</p><p>- Ăng-ten: Hai ăng-ten đa hướng băng tần kép (độ lợi 4,7dBi ở 2.4GHz, độ lợi 4,2dBi ở 5GHz).</p><p><strong>- Giao diện&nbsp;</strong><a href=\"https://viethansecurity.com/thiet-bi-mang-wifi-aruba.html\"><strong>thiết bị mạng wifi Aruba</strong></a><strong> Instant On AP17 (RW) Access Point R2X11A:</strong></p><p>+ 10/100/1000 Base-T Ethernet (RJ45);</p><p>+ Đài phát thanh Bluetooth Low Energy (BLE);</p><p>+ Đèn LED báo trạng thái;</p><p>+ Nút Reset.</p><p>- Quyền lực</p><p>+ Cấp nguồn qua Ethernet (PoE): Công suất tiêu thụ 802.3af tối đa 13.5W.</p><p>- Kích thước: 156 x 67 x 187 mm.</p><p>- Trọng lượng: 650g.</p><h3><strong>3. Cam kết từ Công ty TNHH giải pháp công nghệ Việt Hàn</strong></h3><ul><li><a href=\"https://viethansecurity.com/\"><strong>Việt Hàn Security</strong></a>&nbsp; chỉ bán hàng chính hãng từ các thương hiệu uy tín với giá tốt nhất thị trường Hà Nội và Sài Gòn, hàng mới full box.</li><li>Nhân viên chuyên nghiệp, giàu kinh nghiệm sẵn sàng tư vấn để khách hàng chọn mua được những sản phẩm chất lượng tốt nhất.</li><li>Đặc biệt khách hàng được giao hàng tận nơi, xem hàng thanh toán, không mua không sao.</li></ul>'),
(85, 'Thiết bị mạng wifi Aruba Instant On AP15 (RW) Access Point R2X06A', '- Thiết bị thu phát sóng Aruba Instant On AP15 - R2X06A\r\n- Tốc độ truyền dữ liệu: Upto 2033Mbps\r\n- MIMO: 2x2. 2.4 Ghz 802.11n (Wi-Fi 4)\r\n- MIMO: 4x4 5 Ghz 802.11ac (Wi-Fi 5 Wave 2)\r\n- Hỗ trợ kết nối đồng thời 100 người dùng cho mỗi AP\r\n- Khả năng Cluster ', '1002000', 100, 18, '<h2>Thiết bị mạng wifi Aruba Instant On AP15 (RW) Access Point R2X06A</h2><h3>1. Ưu điểm của thiết bị mạng wifi Aruba Instant On AP15 (RW) Access Point R2X06A:</h3><ul><li>Khả năng thiết lập rất nhanh chóng, quản lý hoàn toàn qua điện thoại.</li><li>Giải quyết được các vấn đề quá tải khi số lượng người truy cập lớn, đảm bảo đường truyền luôn ổn định.</li><li>Thiết bị hỗ trợ công nghệ&nbsp; 802.11ac Wave 2, 4X4: 4 MU-MIMO gúp tăng băng thông và tốc độ cho các thiết bị kết nối không dây.</li></ul><h3>2. Thông số kỹ thuật và tính năng của thiết bị mạng wifi Aruba Instant On AP15 (RW) Access Point R2X06A:</h3><p>- Aruba Instant On AP15 (RW) 4X4 11ac Wave2 Indoor Access Point.</p><p>- Hỗ trợ công nghệ 802.11ac Wave 2, 4X4: 4 MU-MIMO.</p><p>- Hỗ trợ khả năng quản lý và giám sát từ xa.</p><p>- Hỗ trợ mạng Wi-Fi của khách và nhân viên riêng biệt.</p><p>- Ứng dụng di động và hỗ trợ cổng thông tin điện toán đám mây.</p><p>- Dual Radio để hỗ trợ hoạt động băng tần kép đồng thời.</p><p>- 5GHz 802.11ac 4x4 MIMO cho tốc độ dữ liệu không dây lên đến 1.733Mbps, với hỗ trợ Multi User MIMO (Wi-Fi 5).</p><p>- 2.4GHz 802.11n 2x2 MIMO hỗ trợ tốc độ dữ liệu không dây (Wi-Fi 4) lên đến 300Mbps.</p><p>- Ăng-ten: Tích hợp ăng-ten đa hướng downtilt với độ lợi ăng-ten riêng lẻ tối đa là 3,6dBi ở 2,4 GHz và 6,0dBi ở 5 GHz.</p><p><img src=\"https://viethansecurity.com/media/lib/6880_thiet-bi-mang-wifi-aruba-instant-on-ap15-rw-access-point-r2x06a.jpg\" alt=\"Thiết bị mạng wifi Aruba Instant On AP15 (RW) Access Point R2X06A \"></p><p><strong>- Giao diện thiết bị mạng wifi Aruba Instant On AP15 (RW) Access Point </strong><a href=\"https://viethansecurity.com/thiet-bi-mang-wifi-aruba-instant-on-ap15-rw-access-point-r2x06a.html\"><strong>R2X06A</strong></a><strong>:</strong></p><p>+ Cổng Uplink Gigabit Ethernet, có hỗ trợ PoE-in (802.3af);</p><p>+ Đầu nối nguồn DC (12V);</p><p>+ Giao diện máy chủ USB (sử dụng trong tương lai);</p><p>+ Đài phát thanh Bluetooth Low Energy (BLE);</p><p>+ Đèn LED chỉ báo Trạng thái;</p><p>+ Nút điều khiển Reset / LED;</p><p>+ Khe bảo mật Kensingtin.</p><p>- Quyền lực</p><p>+ Cấp nguồn qua Ethernet (PoE): 802.3af (lớp 3).</p><p>+ Công suất tiêu thụ tối đa (trường hợp xấu nhất) <a href=\"https://viethansecurity.com/thiet-bi-mang-wifi-aruba.html\"><strong>thiết bị mạng wifi Aruba</strong></a>&nbsp;Instant On AP15 (RW) Access Point R2X06A: 14,4W (PoE), 12,7W (DC).</p><p>+ Nguồn DC (12V).</p><p>- Kích thước (WxDxH): 183 x 183 x 41 mm.</p><p>- Trọng lượng: 674g.</p><p>- Hàng chính hãng HP.</p><p>- Bảo hành: 12 tháng.</p><h3><strong>3. Cam kết từ Công ty TNHH giải pháp công nghệ Việt Hàn</strong></h3><ul><li><a href=\"https://viethansecurity.com/\"><strong>Việt Hàn Security</strong></a>&nbsp; chỉ bán hàng chính hãng từ các thương hiệu uy tín với giá tốt nhất thị trường Hà Nội và Sài Gòn, hàng mới full box.</li><li>Nhân viên chuyên nghiệp, giàu kinh nghiệm sẵn sàng tư vấn để khách hàng chọn mua được những sản phẩm chất lượng tốt nhất.</li><li>Đặc biệt khách hàng được giao hàng tận nơi, xem hàng thanh toán, không mua không sao.</li></ul>'),
(86, 'Thiết bị mạng wifi Aruba Instant On AP12 (RW) Access Point R2X01A', '- Loại ăng ten: Ăng ten ngầm 4x4:4 với công nghệ MU-MIMO\r\n- Tốc độ mạng: 1600Mbps (300Mbps với băng tần 2.4GHz, 1300Mbps với băng tần 5GHz)\r\n- Chuẩn phát sóng: 802.11 a/b/g/n/ac\r\n- Tần số phát sóng: 2.4GHz và 5GHz\r\n- Cổng kết nối: Cổng kết nối LAN Gbit hỗ', '999999', 100, 18, '<h2>Thiết bị mạng wifi Aruba Instant On AP12 (RW) Access Point R2X01A</h2><h3>1. Ưu điểm của thiết bị mạng wifi Aruba Instant On AP12 (RW) Access Point R2X01A:</h3><ul><li>Khả năng thiết lập rất nhanh chóng, quản lý hoàn toàn qua điện thoại.</li><li>Giải quyết được các vấn đề quá tải khi số lượng người truy cập lớn, đảm bảo đường truyền luôn ổn định.</li><li>Thiết bị hỗ trợ công nghệ&nbsp;802.11ac Wave 2, 3X3: 3 MU-MIMO gúp tăng băng thông và tốc độ cho các thiết bị kết nối không dây.</li></ul><h3>2. Thông số kỹ thuật và tính năng của thiết bị mạng wifi Aruba Instant On AP12 (RW) Access Point R2X01A:</h3><p>- Aruba Instant On AP12 (RW) 3X3 11ac Wave2 Indoor Access Point.</p><p>- Hỗ trợ công nghệ 802.11ac Wave 2, 3X3: 3 MU-MIMO.</p><p>- Hỗ trợ khả năng quản lý và giám sát từ xa.</p><p>- Hỗ trợ mạng Wi-Fi của khách và nhân viên riêng biệt.</p><p>- Ứng dụng di động và hỗ trợ cổng thông tin điện toán đám mây.</p><p>- Dual Radio để hỗ trợ hoạt động băng tần kép đồng thời.</p><p>- 5 GHz 802.11ac 3x3 MIMO cho tốc độ dữ liệu không dây lên đến 1.300 Mbps, với hỗ trợ Multi User MIMO (Wi-Fi 5).</p><p>- 2,4 GHz 802.11n 2x2 MIMO cho hỗ trợ tốc độ dữ liệu không dây (Wi-Fi 4) lên đến 300 Mbps.</p><p>- Ăng-ten: Tích hợp ăng-ten đa hướng downtilt với độ lợi ăng-ten riêng lẻ tối đa là 3,9dBi ở 2,4 GHz và 5,4dBi ở 5 GHz.</p><p><img src=\"https://viethansecurity.com/media/lib/6879_thiet-bi-mang-wifi-aruba-instant-on-ap12-rw-access-point-r2x01a.jpg\" alt=\"Thiết bị mạng wifi Aruba Instant On AP12 (RW) Access Point R2X01A\"></p><p>- Giao diện&nbsp;<a href=\"https://viethansecurity.com/thiet-bi-mang-wifi-aruba.html\"><strong>thiết bị mạng wifi Aruba</strong></a>&nbsp;Instant On AP12 (RW) Access Point R2X01A:</p><p>+ Cổng Uplink Gigabit Ethernet, có hỗ trợ PoE-in (802.3af);</p><p>+ Đầu nối nguồn DC (12V);</p><p>+ Giao diện máy chủ USB (sử dụng trong tương lai);</p><p>+ Đài phát thanh Bluetooth Low Energy (BLE);</p><p>+ Đèn LED chỉ báo Trạng thái;</p><p>+ Nút điều khiển Reset / LED;</p><p>+ Khe bảo mật Kensingtin.</p><p>- Quyền lực</p><p>+ Cấp nguồn qua Ethernet (PoE): 802.3af (lớp 3);</p><p>+ Công suất tiêu thụ tối đa (trường hợp xấu nhất) <strong>thiết bị mạng wifi Aruba Instant On AP12 (RW) Access Point </strong><a href=\"https://viethansecurity.com/thiet-bi-mang-wifi-aruba-instant-on-ap12-rw-access-point-r2x01a.html\"><strong>R2X01A</strong></a>: 13.0W (PoE), 12.0W (DC);</p><p>+ Nguồn DC (12V).</p><p>- Kích thước (WxDxH): 167 x 167 x 34 mm.</p><p>- Trọng lượng: 483g.</p><h3><strong>3. Cam kết từ Công ty TNHH giải pháp công nghệ Việt Hàn</strong></h3><ul><li><a href=\"https://viethansecurity.com/\"><strong>Việt Hàn Security</strong></a>&nbsp; chỉ bán hàng chính hãng từ các thương hiệu uy tín với giá tốt nhất thị trường Hà Nội và Sài Gòn, hàng mới full box.</li><li>Nhân viên chuyên nghiệp, giàu kinh nghiệm sẵn sàng tư vấn để khách hàng chọn mua được những sản phẩm chất lượng tốt nhất.</li><li>Đặc biệt khách hàng được giao hàng tận nơi, xem hàng thanh toán, không mua không sao.</li></ul>');

-- --------------------------------------------------------

--
-- Cấu trúc bảng cho bảng `hinhhanghoa`
--

CREATE TABLE `hinhhanghoa` (
  `MaHinh` int(11) NOT NULL,
  `TenHinh` varchar(255) NOT NULL,
  `MSHH` int(11) NOT NULL
) ENGINE=InnoDB DEFAULT CHARSET=utf8;

--
-- Đang đổ dữ liệu cho bảng `hinhhanghoa`
--

INSERT INTO `hinhhanghoa` (`MaHinh`, `TenHinh`, `MSHH`) VALUES
(21, '../img/sanpham/6525_camera_quan_sat_wifi_tapo_c200_20_.jpg', 48),
(22, '../img/sanpham/6404_camera_wifi_ch__nh_h__ng_ezviz_c6cn_hd_1080p.jpg', 49),
(23, '../img/sanpham/4640_camera_quan_sat_analog_hd_hikvision_ds_2ce16d0t_itpf.jpg', 50),
(24, '../img/sanpham/4645_san_pham_camera_hikvision_ds_2ce76d0t_itpfs.jpg', 51),
(25, '../img/sanpham/4639_camera_quan_sat_analog_hd_hikvision_ds_2ce16d0t_itf.jpg', 52),
(26, '../img/sanpham/4636_camera_hanh_trinh_vietmap_gosafe_s70g.png', 53),
(27, '../img/sanpham/3792_camera_hanh_trinh_vietmap_c6.jpg', 54),
(28, '../img/sanpham/7238_camera_hanh_trinh_tich_hop_dvd_android_vietmap_v5_anh_dai_dien.jpg', 55),
(29, '../img/sanpham/5398_camera_hanh_trinh_vietmap_kc01.jpg', 56),
(30, '../img/sanpham/6889_camera_hanh_trinh_vietmap_r4a_chinh_hang.jpg', 57),
(31, '../img/sanpham/7257_bo_vietmap_vm200_anh_dai_dien.jpg', 58),
(32, '../img/sanpham/4208_camera_hanh_trinh_vietmap_papago_gosafe_790.jpg', 59),
(33, '../img/sanpham/4198_45.jpg', 60),
(34, '../img/sanpham/4005_camera_hikvision_ds_2ce16d3t_i3p.jpg', 61),
(35, '../img/sanpham/5886_dau_ghi_hinh_ip_dahua_dhi_nvr1104hs_s3_dss.jpg', 62),
(36, '../img/sanpham/3733_dau_ghi_hikvision_ds_7104ni_q1_4p.jpg', 63),
(37, '../img/sanpham/4163_dau_ghi_dahua_xvr4116hs_x.jpg', 64),
(38, '../img/sanpham/5639_dau_ghi_hinh_hdtvi_hilook_dvr_208g_f1_anh_dai_dien1.jpg', 65),
(39, '../img/sanpham/2086_converter_hhd_120g_100km.jpg', 66),
(40, '../img/sanpham/2159_hop_quan_4fo.jpg', 67),
(41, '../img/sanpham/3963_dau_ghi_hinh_kbvision_kx_7104sd6.jpg', 68),
(42, '../img/sanpham/3960_untitled_10.jpg', 69),
(43, '../img/sanpham/2467_hinh_bo_dam_liseng_ls_2000.jpg', 70),
(44, '../img/sanpham/2472_tai_nghe_may_bo_dam_lisheng.jpg', 71),
(45, '../img/sanpham/2018_dau_do_bao_trom_paradox_nv5.jpg', 72),
(46, '../img/sanpham/4933_bao_trom_karassn_ks_w2e.jpg', 73),
(47, '../img/sanpham/6412_thi___t_b____m___ng_c___c_ph__t_wifi_ruijie_rg_ew1200.jpg', 74),
(48, '../img/sanpham/6414_thi___t_b____m___ng_ph__t_wifi_ruijie_rg_ew1200g_pro_nhin_nghieng.jpg', 75),
(49, '../img/sanpham/6264_thiet_bi_mang_wifi_ruijie_rg_rap1200f_tot_nhat.jpg', 76),
(50, '../img/sanpham/4945_bao_trom_picotech_pca_8300gsm_1.png', 77),
(51, '../img/sanpham/1245_dau_do_khoi_quang_horing_q01_4_12v_dc_anh_dai_dien1.jpg', 78),
(52, '../img/sanpham/4944_bao_trom_khong_day_picotech_pca_7000gsm_2.png', 79),
(53, '../img/sanpham/4943_bao_trom_picotech_pca_8000gsm_mau_den.png', 80),
(54, '../img/sanpham/2467_hinh_bo_dam_liseng_ls_2000.jpg', 81),
(55, '../img/sanpham/2155_day_nhay_quang_sc_sc_single_mode.jpg', 82),
(56, '../img/sanpham/6882_thiet_bi_mang_wifi_aruba_instant_on_ap22_rwaccess_point_r4w02a_tot.jpg', 83),
(57, '../img/sanpham/6881_thiet_bi_mang_wifi_aruba_instant_on_ap17_rw_access_point_r2x11a_tot.jpg', 84),
(58, '../img/sanpham/6882_thiet_bi_mang_wifi_aruba_instant_on_ap22_rwaccess_point_r4w02a_tot.jpg', 85),
(59, '../img/sanpham/6882_thiet_bi_mang_wifi_aruba_instant_on_ap22_rwaccess_point_r4w02a_tot.jpg', 86);

-- --------------------------------------------------------

--
-- Cấu trúc bảng cho bảng `khachhang`
--

CREATE TABLE `khachhang` (
  `MSKH` int(200) NOT NULL,
  `HoTenKH` varchar(255) NOT NULL,
  `TenCongTy` varchar(255) DEFAULT NULL,
  `SoDienThoai` varchar(10) NOT NULL,
  `SoFax` varchar(10) DEFAULT NULL,
  `Email` varchar(255) NOT NULL,
  `Password` varchar(255) NOT NULL
) ENGINE=InnoDB DEFAULT CHARSET=utf8;

--
-- Đang đổ dữ liệu cho bảng `khachhang`
--

INSERT INTO `khachhang` (`MSKH`, `HoTenKH`, `TenCongTy`, `SoDienThoai`, `SoFax`, `Email`, `Password`) VALUES
(3, 'anh kiệt', '', '0365480118', '12345667', 'khachhang@gmail.com', '25d55ad283aa400af464c76d713c07ad'),
(4, 'Nguyễn Văn B', '', '0987488221', '0987488221', 'nguyenvanb@gmail.com', '25d55ad283aa400af464c76d713c07ad'),
(5, 'Phan Trấn Dương', '', '0988590745', '0988590745', 'phantranduong@gmail.com', '65e991b8d6725a0f2e49a369c21ad9e9');

-- --------------------------------------------------------

--
-- Cấu trúc bảng cho bảng `loaihanghoa`
--

CREATE TABLE `loaihanghoa` (
  `MaLoaiHang` int(11) NOT NULL,
  `TenLoaiHang` varchar(255) NOT NULL
) ENGINE=InnoDB DEFAULT CHARSET=utf8;

--
-- Đang đổ dữ liệu cho bảng `loaihanghoa`
--

INSERT INTO `loaihanghoa` (`MaLoaiHang`, `TenLoaiHang`) VALUES
(13, 'Camera Quan Sát'),
(14, 'Camera Hành Trình'),
(15, 'Đầu Ghi Hình'),
(16, 'Báo Trộm - Báo Cháy'),
(17, 'Thiết bị viễn thông'),
(18, 'Thiết bị mạng');

-- --------------------------------------------------------

--
-- Cấu trúc bảng cho bảng `nhanvien`
--

CREATE TABLE `nhanvien` (
  `MSNV` int(11) NOT NULL,
  `HoTenNV` varchar(255) NOT NULL,
  `ChucVu` varchar(255) NOT NULL,
  `DiaChi` varchar(255) NOT NULL,
  `SoDienThoai` varchar(10) NOT NULL,
  `Email` varchar(255) NOT NULL,
  `Password` varchar(255) NOT NULL
) ENGINE=InnoDB DEFAULT CHARSET=utf8;

--
-- Đang đổ dữ liệu cho bảng `nhanvien`
--

INSERT INTO `nhanvien` (`MSNV`, `HoTenNV`, `ChucVu`, `DiaChi`, `SoDienThoai`, `Email`, `Password`) VALUES
(1, 'Phan Anh Kiệt', 'Admin', 'Châu Hưng A, Vĩnh Lợi, Bạc Liêu', '0365480118', 'anhkietk053@gmail.com', '974641c379a5519394940291c3b2ddec'),
(6, 'Nguyễn Văn Tèo', 'Nhân viên', 'Bạc Liêu', '0939515409', 'nguyenvanteo@gmail.com', 'e10adc3949ba59abbe56e057f20f883e');

--
-- Chỉ mục cho các bảng đã đổ
--

--
-- Chỉ mục cho bảng `chitietdathang`
--
ALTER TABLE `chitietdathang`
  ADD PRIMARY KEY (`MSHH`,`SoDonDH`),
  ADD KEY `SoDonDH` (`SoDonDH`);

--
-- Chỉ mục cho bảng `dathang`
--
ALTER TABLE `dathang`
  ADD PRIMARY KEY (`SoDonDH`),
  ADD KEY `dathang` (`MSKH`),
  ADD KEY `MSNV` (`MSNV`),
  ADD KEY `DiaChiGH` (`DiaChiGH`);

--
-- Chỉ mục cho bảng `diachikh`
--
ALTER TABLE `diachikh`
  ADD PRIMARY KEY (`MaDC`),
  ADD KEY `MSKH` (`MSKH`);

--
-- Chỉ mục cho bảng `giohang`
--
ALTER TABLE `giohang`
  ADD PRIMARY KEY (`idGioHang`),
  ADD KEY `MSHH` (`MSHH`),
  ADD KEY `MSKH` (`MSKH`);

--
-- Chỉ mục cho bảng `hanghoa`
--
ALTER TABLE `hanghoa`
  ADD PRIMARY KEY (`MSHH`),
  ADD KEY `MaLoaiHang` (`MaLoaiHang`);

--
-- Chỉ mục cho bảng `hinhhanghoa`
--
ALTER TABLE `hinhhanghoa`
  ADD PRIMARY KEY (`MaHinh`),
  ADD KEY `MSHH` (`MSHH`);

--
-- Chỉ mục cho bảng `khachhang`
--
ALTER TABLE `khachhang`
  ADD PRIMARY KEY (`MSKH`),
  ADD UNIQUE KEY `Email` (`Email`);

--
-- Chỉ mục cho bảng `loaihanghoa`
--
ALTER TABLE `loaihanghoa`
  ADD PRIMARY KEY (`MaLoaiHang`);

--
-- Chỉ mục cho bảng `nhanvien`
--
ALTER TABLE `nhanvien`
  ADD PRIMARY KEY (`MSNV`);

--
-- AUTO_INCREMENT cho các bảng đã đổ
--

--
-- AUTO_INCREMENT cho bảng `dathang`
--
ALTER TABLE `dathang`
  MODIFY `SoDonDH` int(11) NOT NULL AUTO_INCREMENT, AUTO_INCREMENT=87;

--
-- AUTO_INCREMENT cho bảng `diachikh`
--
ALTER TABLE `diachikh`
  MODIFY `MaDC` int(11) NOT NULL AUTO_INCREMENT, AUTO_INCREMENT=6;

--
-- AUTO_INCREMENT cho bảng `giohang`
--
ALTER TABLE `giohang`
  MODIFY `idGioHang` int(11) NOT NULL AUTO_INCREMENT, AUTO_INCREMENT=60;

--
-- AUTO_INCREMENT cho bảng `hanghoa`
--
ALTER TABLE `hanghoa`
  MODIFY `MSHH` int(11) NOT NULL AUTO_INCREMENT, AUTO_INCREMENT=87;

--
-- AUTO_INCREMENT cho bảng `hinhhanghoa`
--
ALTER TABLE `hinhhanghoa`
  MODIFY `MaHinh` int(11) NOT NULL AUTO_INCREMENT, AUTO_INCREMENT=60;

--
-- AUTO_INCREMENT cho bảng `khachhang`
--
ALTER TABLE `khachhang`
  MODIFY `MSKH` int(200) NOT NULL AUTO_INCREMENT, AUTO_INCREMENT=6;

--
-- AUTO_INCREMENT cho bảng `loaihanghoa`
--
ALTER TABLE `loaihanghoa`
  MODIFY `MaLoaiHang` int(11) NOT NULL AUTO_INCREMENT, AUTO_INCREMENT=19;

--
-- AUTO_INCREMENT cho bảng `nhanvien`
--
ALTER TABLE `nhanvien`
  MODIFY `MSNV` int(11) NOT NULL AUTO_INCREMENT, AUTO_INCREMENT=7;

--
-- Các ràng buộc cho các bảng đã đổ
--

--
-- Các ràng buộc cho bảng `chitietdathang`
--
ALTER TABLE `chitietdathang`
  ADD CONSTRAINT `chitietdathang_ibfk_1` FOREIGN KEY (`SoDonDH`) REFERENCES `dathang` (`SoDonDH`),
  ADD CONSTRAINT `chitietdathang_ibfk_2` FOREIGN KEY (`MSHH`) REFERENCES `hanghoa` (`MSHH`);

--
-- Các ràng buộc cho bảng `dathang`
--
ALTER TABLE `dathang`
  ADD CONSTRAINT `dathang` FOREIGN KEY (`MSKH`) REFERENCES `khachhang` (`MSKH`),
  ADD CONSTRAINT `dathang_ibfk_1` FOREIGN KEY (`MSNV`) REFERENCES `nhanvien` (`MSNV`),
  ADD CONSTRAINT `dathang_ibfk_2` FOREIGN KEY (`DiaChiGH`) REFERENCES `diachikh` (`MaDC`);

--
-- Các ràng buộc cho bảng `diachikh`
--
ALTER TABLE `diachikh`
  ADD CONSTRAINT `diachikh_ibfk_1` FOREIGN KEY (`MSKH`) REFERENCES `khachhang` (`MSKH`);

--
-- Các ràng buộc cho bảng `giohang`
--
ALTER TABLE `giohang`
  ADD CONSTRAINT `giohang_ibfk_1` FOREIGN KEY (`MSHH`) REFERENCES `hanghoa` (`MSHH`),
  ADD CONSTRAINT `giohang_ibfk_2` FOREIGN KEY (`MSKH`) REFERENCES `khachhang` (`MSKH`);

--
-- Các ràng buộc cho bảng `hanghoa`
--
ALTER TABLE `hanghoa`
  ADD CONSTRAINT `hanghoa_ibfk_1` FOREIGN KEY (`MaLoaiHang`) REFERENCES `loaihanghoa` (`MaLoaiHang`);

--
-- Các ràng buộc cho bảng `hinhhanghoa`
--
ALTER TABLE `hinhhanghoa`
  ADD CONSTRAINT `hinhhanghoa_ibfk_1` FOREIGN KEY (`MSHH`) REFERENCES `hanghoa` (`MSHH`);
COMMIT;

/*!40101 SET CHARACTER_SET_CLIENT=@OLD_CHARACTER_SET_CLIENT */;
/*!40101 SET CHARACTER_SET_RESULTS=@OLD_CHARACTER_SET_RESULTS */;
/*!40101 SET COLLATION_CONNECTION=@OLD_COLLATION_CONNECTION */;
